model,scope,outcome,term,coefficient,standard_error,ci_lower_95,ci_upper_95,p_value,n,r_squared,adjusted_r_squared,covariance,effect_type,category_observations,country_month_clusters
Food/non-food interaction OLS,Pooled long format,retail_yoy,Intercept,2.139436544,0.3086862984,1.534422516,2.744450571,4.18529175e-12,720,0.1619814097,0.1537424629,Clustered by country-month,model_parameter,720,360
Food/non-food interaction OLS,Pooled long format,retail_yoy,C(country_code)[T.FR],1.973248961,0.6456549389,0.7077885343,3.238709388,0.002241636033,720,0.1619814097,0.1537424629,Clustered by country-month,model_parameter,720,360
Food/non-food interaction OLS,Pooled long format,retail_yoy,C(country_code)[T.NL],0.2713601699,0.3700171059,-0.4538600313,0.9965803712,0.4633315968,720,0.1619814097,0.1537424629,Clustered by country-month,model_parameter,720,360
Food/non-food interaction OLS,Pooled long format,retail_yoy,inflation_yoy,-0.725304302,0.09981726341,-0.9209425433,-0.5296660607,3.694094858e-13,720,0.1619814097,0.1537424629,Clustered by country-month,model_parameter,720,360
Food/non-food interaction OLS,Pooled long format,retail_yoy,consumer_confidence,0.02189282523,0.03087917416,-0.03862924401,0.08241489446,0.4783347111,720,0.1619814097,0.1537424629,Clustered by country-month,model_parameter,720,360
Food/non-food interaction OLS,Pooled long format,retail_yoy,is_nonfood,2.422846508,0.4976842155,1.44740337,3.398289646,1.1259619e-06,720,0.1619814097,0.1537424629,Clustered by country-month,model_parameter,720,360
Food/non-food interaction OLS,Pooled long format,retail_yoy,inflation_yoy:is_nonfood,0.986115447,0.2293499716,0.5365977628,1.435633131,1.710988841e-05,720,0.1619814097,0.1537424629,Clustered by country-month,model_parameter,720,360
Food/non-food interaction OLS,Pooled long format,retail_yoy,consumer_confidence:is_nonfood,0.2584978017,0.07259256728,0.1162189843,0.4007766191,0.0003695290371,720,0.1619814097,0.1537424629,Clustered by country-month,model_parameter,720,360
Food/non-food interaction OLS,Pooled long format,retail_yoy,food_inflation_slope,-0.725304302,0.09981726341,-0.9209425433,-0.5296660607,3.694094858e-13,720,0.1619814097,0.1537424629,Clustered by country-month,derived_category_slope,720,360
Food/non-food interaction OLS,Pooled long format,retail_yoy,nonfood_inflation_slope,0.260811145,0.2263960446,-0.1829169486,0.7045392386,0.2493158066,720,0.1619814097,0.1537424629,Clustered by country-month,derived_category_slope,720,360
Food/non-food interaction OLS,Pooled long format,retail_yoy,food_confidence_slope,0.02189282523,0.03087917416,-0.03862924401,0.08241489446,0.4783347111,720,0.1619814097,0.1537424629,Clustered by country-month,derived_category_slope,720,360
Food/non-food interaction OLS,Pooled long format,retail_yoy,nonfood_confidence_slope,0.2803906269,0.07813991188,0.1272392138,0.4335420399,0.000332821883,720,0.1619814097,0.1537424629,Clustered by country-month,derived_category_slope,720,360
