scope,predictor,outcome,method,coefficient,p_value,n
Pooled,inflation_yoy,retail_total_yoy,pearson,-0.2496589944,1.613497942e-06,360
Pooled,inflation_yoy,retail_food_yoy,pearson,-0.6459661081,6.779255787e-44,360
Pooled,inflation_yoy,retail_nonfood_yoy,pearson,-0.09707543537,0.06579486383,360
Pooled,consumer_confidence,retail_total_yoy,pearson,0.2942494921,1.270151904e-08,360
Pooled,consumer_confidence,retail_food_yoy,pearson,0.3536188429,4.824155611e-12,360
Pooled,consumer_confidence,retail_nonfood_yoy,pearson,0.1938444591,0.0002153393834,360
NL,inflation_yoy,retail_total_yoy,pearson,-0.2286091952,0.01202440645,120
NL,inflation_yoy,retail_food_yoy,pearson,-0.6270180075,1.837012296e-14,120
NL,inflation_yoy,retail_nonfood_yoy,pearson,-0.0594375211,0.5190173783,120
NL,consumer_confidence,retail_total_yoy,pearson,0.3947598806,8.131125476e-06,120
NL,consumer_confidence,retail_food_yoy,pearson,0.5052110147,3.986939361e-09,120
NL,consumer_confidence,retail_nonfood_yoy,pearson,0.2057513531,0.02416597,120
DE,inflation_yoy,retail_total_yoy,pearson,-0.5747847161,6.644976547e-12,120
DE,inflation_yoy,retail_food_yoy,pearson,-0.7425227871,2.848329102e-22,120
DE,inflation_yoy,retail_nonfood_yoy,pearson,-0.2971878842,0.0009798189279,120
DE,consumer_confidence,retail_total_yoy,pearson,0.4483681931,2.813488757e-07,120
DE,consumer_confidence,retail_food_yoy,pearson,0.3667700948,3.784718687e-05,120
DE,consumer_confidence,retail_nonfood_yoy,pearson,0.327581896,0.0002599758134,120
FR,inflation_yoy,retail_total_yoy,pearson,-0.09055864774,0.3252828178,120
FR,inflation_yoy,retail_food_yoy,pearson,-0.5379339694,2.359022079e-10,120
FR,inflation_yoy,retail_nonfood_yoy,pearson,-0.007792080604,0.9326860882,120
FR,consumer_confidence,retail_total_yoy,pearson,0.3325744153,0.0002062336107,120
FR,consumer_confidence,retail_food_yoy,pearson,0.4389389059,5.305541079e-07,120
FR,consumer_confidence,retail_nonfood_yoy,pearson,0.2597418491,0.004171547929,120
