country_code,country,variable,n,mean,median,std,min,p25,p75,max
NL,Netherlands,inflation_yoy,132,2.896969697,1.9,3.353224252,-1,1,3.15,17.1
NL,Netherlands,consumer_confidence,132,-8.175757576,-7.4,9.37450759,-35.9,-14.05,-0.05,7.1
NL,Netherlands,retail_total_yoy,120,1.686445889,2.051960076,3.206211937,-9.014675052,0.4318442751,3.237848098,12.78801843
NL,Netherlands,retail_food_yoy,120,-0.3075716022,-0.2136737511,3.307621436,-8.282828283,-2.55613031,1.597798051,9.090909091
NL,Netherlands,retail_nonfood_yoy,120,3.394455631,3.433524367,5.642179448,-17.65339074,1.445740653,5.926526552,27.05882353
DE,Germany,inflation_yoy,132,2.646212121,1.95,2.674630753,-0.7,1.2,2.725,11.6
DE,Germany,consumer_confidence,132,-6.712878788,-3.9,7.249231655,-28,-10.9,-0.575,2.3
DE,Germany,retail_total_yoy,120,1.708262066,1.888786841,3.680765849,-7.239382239,-0.3495457764,3.863334808,14.72868217
DE,Germany,retail_food_yoy,120,0.5407237805,0.805777249,3.675855931,-9.7,-1.086569418,2.45780939,11.29707113
DE,Germany,retail_nonfood_yoy,120,2.638053708,2.78594879,5.646117481,-16.6838311,0.1783055797,5.354744061,29.17181706
FR,France,inflation_yoy,132,2.034848485,1.4,2.01782079,-0.4,0.775,2.6,7.3
FR,France,consumer_confidence,132,-11.96287879,-11.7,4.840516112,-22.3,-15.3,-8.375,-0.1
FR,France,retail_total_yoy,120,2.660145922,2.634470792,6.578626734,-30.87606838,1.231794289,3.738030414,43.58578053
FR,France,retail_food_yoy,120,1.836873744,2.151816032,3.06967901,-7.572815534,0.5946187051,3.700351108,13.73200443
FR,France,retail_nonfood_yoy,120,4.129850426,3.589319481,10.79041956,-46.49890591,1.349463628,5.351344495,77.09611452
