scope,predictor,lag_months,predictor_column,outcome,n,pearson_r,pearson_p_value,spearman_rho,spearman_p_value
Pooled,inflation,0,inflation_yoy,retail_total_yoy,360,-0.2496589944,1.613497942e-06,-0.3646664884,9.169042625e-13
Pooled,inflation,0,inflation_yoy,retail_food_yoy,360,-0.6459661081,6.779255787e-44,-0.5745222649,5.267005444e-33
Pooled,inflation,0,inflation_yoy,retail_nonfood_yoy,360,-0.09707543537,0.06579486383,-0.222921698,1.965559971e-05
Pooled,inflation,1,inflation_lag1,retail_total_yoy,360,-0.2693553152,2.113133418e-07,-0.3600237237,1.856789208e-12
Pooled,inflation,1,inflation_lag1,retail_food_yoy,360,-0.6581381942,4.744354045e-46,-0.5760445935,3.287883946e-33
Pooled,inflation,1,inflation_lag1,retail_nonfood_yoy,360,-0.117249778,0.02610813012,-0.2225200109,2.036266082e-05
Pooled,inflation,2,inflation_lag2,retail_total_yoy,360,-0.2945943927,1.219239269e-08,-0.3746948843,1.920062787e-13
Pooled,inflation,2,inflation_lag2,retail_food_yoy,360,-0.6593497326,2.858758999e-46,-0.5650277194,9.422305577e-32
Pooled,inflation,2,inflation_lag2,retail_nonfood_yoy,360,-0.1439621289,0.006214245385,-0.2491465248,1.697398416e-06
Pooled,inflation,3,inflation_lag3,retail_total_yoy,360,-0.3238847992,3.086362468e-10,-0.4049299354,1.228125924e-15
Pooled,inflation,3,inflation_lag3,retail_food_yoy,360,-0.6434445274,1.842464142e-43,-0.5478608951,1.377119901e-29
Pooled,inflation,3,inflation_lag3,retail_nonfood_yoy,360,-0.1800263264,0.0005992333321,-0.2814391141,5.587057299e-08
Pooled,consumer_confidence,0,consumer_confidence,retail_total_yoy,360,0.2942494921,1.270151904e-08,0.377404985,1.246662106e-13
Pooled,consumer_confidence,0,consumer_confidence,retail_food_yoy,360,0.3536188429,4.824155611e-12,0.3066927444,2.804274819e-09
Pooled,consumer_confidence,0,consumer_confidence,retail_nonfood_yoy,360,0.1938444591,0.0002153393834,0.2999292738,6.430722459e-09
Pooled,consumer_confidence,1,consumer_confidence_lag1,retail_total_yoy,360,0.2323018964,8.453743905e-06,0.3321755456,1.011920278e-10
Pooled,consumer_confidence,1,consumer_confidence_lag1,retail_food_yoy,360,0.3455237716,1.564199432e-11,0.2936168323,1.368939705e-08
Pooled,consumer_confidence,1,consumer_confidence_lag1,retail_nonfood_yoy,360,0.1316731103,0.01240078843,0.2555486131,8.939359432e-07
Pooled,consumer_confidence,2,consumer_confidence_lag2,retail_total_yoy,360,0.2174295773,3.168926281e-05,0.3307045613,1.236352685e-10
Pooled,consumer_confidence,2,consumer_confidence_lag2,retail_food_yoy,360,0.3438072792,1.998692494e-11,0.2747924378,1.170637134e-07
Pooled,consumer_confidence,2,consumer_confidence_lag2,retail_nonfood_yoy,360,0.118264988,0.02483258985,0.2593130591,6.08192817e-07
Pooled,consumer_confidence,3,consumer_confidence_lag3,retail_total_yoy,360,0.2409814615,3.750828504e-06,0.3589935014,2.168154141e-12
Pooled,consumer_confidence,3,consumer_confidence_lag3,retail_food_yoy,360,0.3395758906,3.634139842e-11,0.2682582325,2.37686434e-07
Pooled,consumer_confidence,3,consumer_confidence_lag3,retail_nonfood_yoy,360,0.1477825346,0.004959265105,0.2858519482,3.382177074e-08
NL,inflation,0,inflation_yoy,retail_total_yoy,120,-0.2286091952,0.01202440645,-0.2510326927,0.005682304457
NL,inflation,0,inflation_yoy,retail_food_yoy,120,-0.6270180075,1.837012296e-14,-0.7200202247,1.911554243e-20
NL,inflation,0,inflation_yoy,retail_nonfood_yoy,120,-0.0594375211,0.5190173783,-0.05492144851,0.5513175275
NL,inflation,1,inflation_lag1,retail_total_yoy,120,-0.2540885147,0.005104254745,-0.2521199985,0.005470267363
NL,inflation,1,inflation_lag1,retail_food_yoy,120,-0.637895409,4.669761413e-15,-0.7212666632,1.530711293e-20
NL,inflation,1,inflation_lag1,retail_nonfood_yoy,120,-0.08955920326,0.3306728043,-0.05948429874,0.5186879333
NL,inflation,2,inflation_lag2,retail_total_yoy,120,-0.2920489473,0.00120956764,-0.2849078696,0.00161061764
NL,inflation,2,inflation_lag2,retail_food_yoy,120,-0.6440715092,2.093644722e-15,-0.7037226752,3.139092629e-19
NL,inflation,2,inflation_lag2,retail_nonfood_yoy,120,-0.1243586041,0.1759659042,-0.09612940328,0.296280127
NL,inflation,3,inflation_lag3,retail_total_yoy,120,-0.3406694476,0.0001404794157,-0.3800288622,1.858965997e-05
NL,inflation,3,inflation_lag3,retail_food_yoy,120,-0.6302935898,1.223069694e-14,-0.684944932,6.291838515e-18
NL,inflation,3,inflation_lag3,retail_nonfood_yoy,120,-0.1760798054,0.05438882648,-0.1854477322,0.04257657456
NL,consumer_confidence,0,consumer_confidence,retail_total_yoy,120,0.3947598806,8.131125476e-06,0.4633417502,9.871405922e-08
NL,consumer_confidence,0,consumer_confidence,retail_food_yoy,120,0.5052110147,3.986939361e-09,0.5553996699,4.587723311e-11
NL,consumer_confidence,0,consumer_confidence,retail_nonfood_yoy,120,0.2057513531,0.02416597,0.2685465745,0.003020277706
NL,consumer_confidence,1,consumer_confidence_lag1,retail_total_yoy,120,0.3504686535,8.701023484e-05,0.4270141509,1.151965485e-06
NL,consumer_confidence,1,consumer_confidence_lag1,retail_food_yoy,120,0.4768841376,3.663042072e-08,0.5258128833,6.963822852e-10
NL,consumer_confidence,1,consumer_confidence_lag1,retail_nonfood_yoy,120,0.1811440323,0.04770627308,0.2319617172,0.01079433451
NL,consumer_confidence,2,consumer_confidence_lag2,retail_total_yoy,120,0.3512601673,8.364993195e-05,0.4370146841,6.024695095e-07
NL,consumer_confidence,2,consumer_confidence_lag2,retail_food_yoy,120,0.4449704764,3.543804165e-07,0.4761621996,3.866041712e-08
NL,consumer_confidence,2,consumer_confidence_lag2,retail_nonfood_yoy,120,0.1960820386,0.03184344761,0.246271573,0.00669945798
NL,consumer_confidence,3,consumer_confidence_lag3,retail_total_yoy,120,0.3876143322,1.220395969e-05,0.4821874768,2.455263162e-08
NL,consumer_confidence,3,consumer_confidence_lag3,retail_food_yoy,120,0.4254066882,1.276006745e-06,0.4666548606,7.77611767e-08
NL,consumer_confidence,3,consumer_confidence_lag3,retail_nonfood_yoy,120,0.2400336463,0.008275022949,0.2813708951,0.001851023046
DE,inflation,0,inflation_yoy,retail_total_yoy,120,-0.5747847161,6.644976547e-12,-0.5441217383,1.33492197e-10
DE,inflation,0,inflation_yoy,retail_food_yoy,120,-0.7425227871,2.848329102e-22,-0.6072327792,1.942486526e-13
DE,inflation,0,inflation_yoy,retail_nonfood_yoy,120,-0.2971878842,0.0009798189279,-0.4207082748,1.715393084e-06
DE,inflation,1,inflation_lag1,retail_total_yoy,120,-0.5670908819,1.452312326e-11,-0.4956477786,8.622835767e-09
DE,inflation,1,inflation_lag1,retail_food_yoy,120,-0.7411419275,3.733477304e-22,-0.572511113,8.389870753e-12
DE,inflation,1,inflation_lag1,retail_nonfood_yoy,120,-0.2904664007,0.001289633426,-0.3823796572,1.633475528e-05
DE,inflation,2,inflation_lag2,retail_total_yoy,120,-0.5510973723,6.927743731e-11,-0.4667086461,7.745895774e-08
DE,inflation,2,inflation_lag2,retail_food_yoy,120,-0.7092735441,1.236605115e-19,-0.52544116,7.194051841e-10
DE,inflation,2,inflation_lag2,retail_nonfood_yoy,120,-0.2878926914,0.001430210926,-0.374988972,2.444692975e-05
DE,inflation,3,inflation_lag3,retail_total_yoy,120,-0.5680305219,1.321472477e-11,-0.4324531431,8.118119702e-07
DE,inflation,3,inflation_lag3,retail_food_yoy,120,-0.6694252341,6.359026314e-17,-0.4776770982,3.451838456e-08
DE,inflation,3,inflation_lag3,retail_nonfood_yoy,120,-0.3283510854,0.0002509281052,-0.3428926217,0.0001261865889
DE,consumer_confidence,0,consumer_confidence,retail_total_yoy,120,0.4483681931,2.813488757e-07,0.3882258784,1.179146562e-05
DE,consumer_confidence,0,consumer_confidence,retail_food_yoy,120,0.3667700948,3.784718687e-05,0.3361579183,0.0001742242098
DE,consumer_confidence,0,consumer_confidence,retail_nonfood_yoy,120,0.327581896,0.0002599758134,0.3097536763,0.0005758453998
DE,consumer_confidence,1,consumer_confidence_lag1,retail_total_yoy,120,0.4235491173,1.435134741e-06,0.3434478151,0.0001228347641
DE,consumer_confidence,1,consumer_confidence_lag1,retail_food_yoy,120,0.3893738135,1.105240197e-05,0.339252227,0.0001503615253
DE,consumer_confidence,1,consumer_confidence_lag1,retail_nonfood_yoy,120,0.2913156294,0.001246087226,0.2752793002,0.002342411069
DE,consumer_confidence,2,consumer_confidence_lag2,retail_total_yoy,120,0.4273524144,1.127364159e-06,0.3241148324,0.0003046298596
DE,consumer_confidence,2,consumer_confidence_lag2,retail_food_yoy,120,0.4171787985,2.13616716e-06,0.3413845565,0.0001357255344
DE,consumer_confidence,2,consumer_confidence_lag2,retail_nonfood_yoy,120,0.2846070841,0.001629899089,0.2739926319,0.0024602003
DE,consumer_confidence,3,consumer_confidence_lag3,retail_total_yoy,120,0.4630693567,1.006582471e-07,0.3448924928,0.0001144972278
DE,consumer_confidence,3,consumer_confidence_lag3,retail_food_yoy,120,0.4193807748,1.863475789e-06,0.3340429531,0.0001925079615
DE,consumer_confidence,3,consumer_confidence_lag3,retail_nonfood_yoy,120,0.3264926368,0.0002733057242,0.3016759692,0.0008125860654
FR,inflation,0,inflation_yoy,retail_total_yoy,120,-0.09055864774,0.3252828178,-0.2623280792,0.003798213779
FR,inflation,0,inflation_yoy,retail_food_yoy,120,-0.5379339694,2.359022079e-10,-0.3534711073,7.489388364e-05
FR,inflation,0,inflation_yoy,retail_nonfood_yoy,120,-0.007792080604,0.9326860882,-0.2112163443,0.02057293908
FR,inflation,1,inflation_lag1,retail_total_yoy,120,-0.134990197,0.1415609594,-0.2975795583,0.0009640604164
FR,inflation,1,inflation_lag1,retail_food_yoy,120,-0.5796547662,4.008261029e-12,-0.3847909766,1.429085294e-05
FR,inflation,1,inflation_lag1,retail_nonfood_yoy,120,-0.04675469386,0.6120926561,-0.2277581858,0.01235552677
FR,inflation,2,inflation_lag2,retail_total_yoy,120,-0.1921915814,0.03546896037,-0.3553361829,6.818085624e-05
FR,inflation,2,inflation_lag2,retail_food_yoy,120,-0.6274532236,1.740843289e-14,-0.4292694541,9.971020661e-07
FR,inflation,2,inflation_lag2,retail_nonfood_yoy,120,-0.0984092628,0.2849192092,-0.2874832535,0.001453818198
FR,inflation,3,inflation_lag3,retail_total_yoy,120,-0.2279739711,0.01227082081,-0.3966964423,7.27190246e-06
FR,inflation,3,inflation_lag3,retail_food_yoy,120,-0.6444180363,2.000413206e-15,-0.4542814699,1.871562634e-07
FR,inflation,3,inflation_lag3,retail_nonfood_yoy,120,-0.1324415329,0.1493026253,-0.3204837912,0.0003589168515
FR,consumer_confidence,0,consumer_confidence,retail_total_yoy,120,0.3325744153,0.0002062336107,0.4585772939,1.385089722e-07
FR,consumer_confidence,0,consumer_confidence,retail_food_yoy,120,0.4389389059,5.305541079e-07,0.3942352615,8.379879727e-06
FR,consumer_confidence,0,consumer_confidence,retail_nonfood_yoy,120,0.2597418491,0.004171547929,0.450868619,2.3702333e-07
FR,consumer_confidence,1,consumer_confidence_lag1,retail_total_yoy,120,0.187363991,0.04044537845,0.4009973724,5.66022479e-06
FR,consumer_confidence,1,consumer_confidence_lag1,retail_food_yoy,120,0.416808186,2.185630342e-06,0.3723739535,2.813028222e-05
FR,consumer_confidence,1,consumer_confidence_lag1,retail_nonfood_yoy,120,0.1050047815,0.2537082819,0.3592209251,5.596242286e-05
FR,consumer_confidence,2,consumer_confidence_lag2,retail_total_yoy,120,0.1343185618,0.1435708884,0.4058480865,4.248935631e-06
FR,consumer_confidence,2,consumer_confidence_lag2,retail_food_yoy,120,0.4263294235,1.20333393e-06,0.3686904653,3.420919584e-05
FR,consumer_confidence,2,consumer_confidence_lag2,retail_nonfood_yoy,120,0.05078067788,0.5817656209,0.3355466277,0.0001793358679
FR,consumer_confidence,3,consumer_confidence_lag3,retail_total_yoy,120,0.1515903801,0.09837681642,0.4305920689,9.157107638e-07
FR,consumer_confidence,3,consumer_confidence_lag3,retail_food_yoy,120,0.4440741414,3.764685474e-07,0.3785259243,2.018133724e-05
FR,consumer_confidence,3,consumer_confidence_lag3,retail_nonfood_yoy,120,0.0744740951,0.4188562324,0.3496535078,9.060214714e-05
