country_code,variable,missing_count,total_rows,missing_percent
NL,inflation_yoy,0,132,0.000
NL,consumer_confidence,0,132,0.000
NL,retail_total_index,0,132,0.000
NL,retail_food_index,0,132,0.000
NL,retail_nonfood_index,0,132,0.000
NL,retail_total_yoy,12,132,9.091
NL,retail_food_yoy,12,132,9.091
NL,retail_nonfood_yoy,12,132,9.091
NL,consumer_confidence_lag1,1,132,0.758
NL,consumer_confidence_lag2,2,132,1.515
NL,consumer_confidence_lag3,3,132,2.273
NL,inflation_lag1,1,132,0.758
NL,inflation_lag2,2,132,1.515
NL,inflation_lag3,3,132,2.273
DE,inflation_yoy,0,132,0.000
DE,consumer_confidence,0,132,0.000
DE,retail_total_index,0,132,0.000
DE,retail_food_index,0,132,0.000
DE,retail_nonfood_index,0,132,0.000
DE,retail_total_yoy,12,132,9.091
DE,retail_food_yoy,12,132,9.091
DE,retail_nonfood_yoy,12,132,9.091
DE,consumer_confidence_lag1,1,132,0.758
DE,consumer_confidence_lag2,2,132,1.515
DE,consumer_confidence_lag3,3,132,2.273
DE,inflation_lag1,1,132,0.758
DE,inflation_lag2,2,132,1.515
DE,inflation_lag3,3,132,2.273
FR,inflation_yoy,0,132,0.000
FR,consumer_confidence,0,132,0.000
FR,retail_total_index,0,132,0.000
FR,retail_food_index,0,132,0.000
FR,retail_nonfood_index,0,132,0.000
FR,retail_total_yoy,12,132,9.091
FR,retail_food_yoy,12,132,9.091
FR,retail_nonfood_yoy,12,132,9.091
FR,consumer_confidence_lag1,1,132,0.758
FR,consumer_confidence_lag2,2,132,1.515
FR,consumer_confidence_lag3,3,132,2.273
FR,inflation_lag1,1,132,0.758
FR,inflation_lag2,2,132,1.515
FR,inflation_lag3,3,132,2.273
