model,scope,outcome,term,coefficient,standard_error,ci_lower_95,ci_upper_95,p_value,n,r_squared,adjusted_r_squared,covariance,standardization_note
Pooled country-FE OLS with standardized predictors,Pooled,retail_total_yoy,Intercept,1.297955841,0.3377329359,0.6360114506,1.959900232,0.0001214688304,360,0.117236372,0.1072897396,HC3,Predictors standardized across the 360-row pooled analytical sample; outcomes remain percentage points
Pooled country-FE OLS with standardized predictors,Pooled,retail_total_yoy,C(country_code)[T.FR],1.855386577,0.6757925696,0.5308574801,3.179915675,0.006041929123,360,0.117236372,0.1072897396,HC3,Predictors standardized across the 360-row pooled analytical sample; outcomes remain percentage points
Pooled country-FE OLS with standardized predictors,Pooled,retail_total_yoy,C(country_code)[T.NL],0.3055997748,0.4163869605,-0.5105036715,1.121703221,0.462990095,360,0.117236372,0.1072897396,HC3,Predictors standardized across the 360-row pooled analytical sample; outcomes remain percentage points
Pooled country-FE OLS with standardized predictors,Pooled,retail_total_yoy,z_inflation_yoy,-0.1282767568,0.4205996779,-0.9526369774,0.6960834638,0.7603772796,360,0.117236372,0.1072897396,HC3,Predictors standardized across the 360-row pooled analytical sample; outcomes remain percentage points
Pooled country-FE OLS with standardized predictors,Pooled,retail_total_yoy,z_consumer_confidence,1.517785086,0.4234473977,0.6878434367,2.347726734,0.0003379144014,360,0.117236372,0.1072897396,HC3,Predictors standardized across the 360-row pooled analytical sample; outcomes remain percentage points
Pooled country-FE OLS with standardized predictors,Pooled,retail_food_yoy,Intercept,0.6295611658,0.2578798571,0.1241259336,1.134996398,0.01463463798,360,0.4451913129,0.4389399474,HC3,Predictors standardized across the 360-row pooled analytical sample; outcomes remain percentage points
Pooled country-FE OLS with standardized predictors,Pooled,retail_food_yoy,C(country_code)[T.FR],0.7848957767,0.4136951667,-0.02593185063,1.595723404,0.05779092595,360,0.4451913129,0.4389399474,HC3,Predictors standardized across the 360-row pooled analytical sample; outcomes remain percentage points
Pooled country-FE OLS with standardized predictors,Pooled,retail_food_yoy,C(country_code)[T.NL],-0.6035533519,0.3369892019,-1.264040051,0.05693334687,0.07329058481,360,0.4451913129,0.4389399474,HC3,Predictors standardized across the 360-row pooled analytical sample; outcomes remain percentage points
Pooled country-FE OLS with standardized predictors,Pooled,retail_food_yoy,z_inflation_yoy,-2.192344052,0.2771079179,-2.735465591,-1.649222513,2.542708481e-15,360,0.4451913129,0.4389399474,HC3,Predictors standardized across the 360-row pooled analytical sample; outcomes remain percentage points
Pooled country-FE OLS with standardized predictors,Pooled,retail_food_yoy,z_consumer_confidence,-0.05188360045,0.2160620393,-0.4753574158,0.3715902149,0.8102272427,360,0.4451913129,0.4389399474,HC3,Predictors standardized across the 360-row pooled analytical sample; outcomes remain percentage points
Pooled country-FE OLS with standardized predictors,Pooled,retail_nonfood_yoy,Intercept,1.951494643,0.5513308278,0.8709060769,3.032083209,0.0004007227766,360,0.06191985304,0.05134993589,HC3,Predictors standardized across the 360-row pooled analytical sample; outcomes remain percentage points
Pooled country-FE OLS with standardized predictors,Pooled,retail_nonfood_yoy,C(country_code)[T.FR],3.161602145,1.122042051,0.962440137,5.360764154,0.004836572338,360,0.06191985304,0.05134993589,HC3,Predictors standardized across the 360-row pooled analytical sample; outcomes remain percentage points
Pooled country-FE OLS with standardized predictors,Pooled,retail_nonfood_yoy,C(country_code)[T.NL],1.146273692,0.7230414187,-0.2708614482,2.563408832,0.1128868414,360,0.06191985304,0.05134993589,HC3,Predictors standardized across the 360-row pooled analytical sample; outcomes remain percentage points
Pooled country-FE OLS with standardized predictors,Pooled,retail_nonfood_yoy,z_inflation_yoy,0.8966256942,0.6491603003,-0.3757051147,2.168956503,0.1672148765,360,0.06191985304,0.05134993589,HC3,Predictors standardized across the 360-row pooled analytical sample; outcomes remain percentage points
Pooled country-FE OLS with standardized predictors,Pooled,retail_nonfood_yoy,z_consumer_confidence,2.401165775,0.6395349733,1.14770026,3.654631289,0.0001736534599,360,0.06191985304,0.05134993589,HC3,Predictors standardized across the 360-row pooled analytical sample; outcomes remain percentage points
