outcome,model,term,coefficient,standard_error,ci_lower_95,ci_upper_95,p_value,n,entities,time_periods,r_squared,r_squared_within,r_squared_between,r_squared_overall,entity_effects,time_effects,covariance_method,kernel,bandwidth,original_hc3_coefficient,coefficient_change_vs_hc3,stability_vs_original_hc3,transformed_design_rank,transformed_condition_number,transformed_sd_inflation,transformed_sd_confidence,transformed_predictor_correlation
retail_total_yoy,Model A: entity FE,inflation_yoy,-0.04598505175,0.2211173117,-0.4808495903,0.3888794868,0.8353741756,360,3,120,0.1090355543,0.1090355543,-2.860717182,-0.3712478021,True,False,Driscoll-Kraay,bartlett,3,-0.04598505175,-2.01900302e-12,direction and magnitude broadly stable,2,3.995041898,2.762399622,7.51402806,-0.6862955479
retail_total_yoy,Model A: entity FE,consumer_confidence,0.1952942564,0.06682915995,0.06386342639,0.3267250863,0.003697235008,360,3,120,0.1090355543,0.1090355543,-2.860717182,-0.3712478021,True,False,Driscoll-Kraay,bartlett,3,0.1952942564,-4.434896894e-11,direction and magnitude broadly stable,2,3.995041898,2.762399622,7.51402806,-0.6862955479
retail_total_yoy,Model B: entity + time FE,inflation_yoy,-0.6238785733,0.2551229294,-1.1264878,-0.1212693466,0.0152010119,360,3,120,0.03293983976,0.0341950154,-1.858086118,-0.2718342115,True,True,Driscoll-Kraay,bartlett,3,-0.04598505175,-0.5778935215,materially changed,2,3.498356822,0.9588497055,2.797924021,-0.5074848067
retail_total_yoy,Model B: entity + time FE,consumer_confidence,-0.02540057526,0.09221440742,-0.2070691227,0.1562679722,0.7832105825,360,3,120,0.03293983976,0.0341950154,-1.858086118,-0.2718342115,True,True,Driscoll-Kraay,bartlett,3,0.1952942564,-0.2206948317,materially changed,2,3.498356822,0.9588497055,2.797924021,-0.5074848067
retail_food_yoy,Model A: entity FE,inflation_yoy,-0.7859183316,0.1646392079,-1.10970914,-0.4621275229,2.649953527e-06,360,3,120,0.4066644059,0.4066644059,-5.445192768,-0.1825455262,True,False,Driscoll-Kraay,bartlett,3,-0.7859183316,4.030076273e-11,direction and magnitude broadly stable,2,3.995041898,2.762399622,7.51402806,-0.6862955479
retail_food_yoy,Model A: entity FE,consumer_confidence,-0.006675891905,0.03962512971,-0.08460540186,0.07125361805,0.866304599,360,3,120,0.4066644059,0.4066644059,-5.445192768,-0.1825455262,True,False,Driscoll-Kraay,bartlett,3,-0.006675891905,-2.936080198e-13,direction and magnitude broadly stable,2,3.995041898,2.762399622,7.51402806,-0.6862955479
retail_food_yoy,Model B: entity + time FE,inflation_yoy,-0.6567368146,0.2651845856,-1.179168177,-0.1343054526,0.01396898304,360,3,120,0.1119625723,0.396306685,-4.136838549,-0.06012519923,True,True,Driscoll-Kraay,bartlett,3,-0.7859183316,0.129181517,direction and magnitude broadly stable,2,3.498356822,0.9588497055,2.797924021,-0.5074848067
retail_food_yoy,Model B: entity + time FE,consumer_confidence,-0.003524580922,0.05907355111,-0.1199034259,0.112854264,0.9524735129,360,3,120,0.1119625723,0.396306685,-4.136838549,-0.06012519923,True,True,Driscoll-Kraay,bartlett,3,-0.006675891905,0.003151310983,direction and magnitude broadly stable,2,3.498356822,0.9588497055,2.797924021,-0.5074848067
retail_nonfood_yoy,Model A: entity FE,inflation_yoy,0.3214251745,0.3742915966,-0.4146824651,1.057532814,0.3910545812,360,3,120,0.05607642575,0.05607642575,-1.617640332,-0.2216284446,True,False,Driscoll-Kraay,bartlett,3,0.3214251745,4.47251125e-11,direction and magnitude broadly stable,2,3.995041898,2.762399622,7.51402806,-0.6862955479
retail_nonfood_yoy,Model A: entity FE,consumer_confidence,0.308959344,0.1114895519,0.0896963105,0.5282223776,0.005879182795,360,3,120,0.05607642575,0.05607642575,-1.617640332,-0.2216284446,True,False,Driscoll-Kraay,bartlett,3,0.308959344,2.544026101e-11,direction and magnitude broadly stable,2,3.995041898,2.762399622,7.51402806,-0.6862955479
retail_nonfood_yoy,Model B: entity + time FE,inflation_yoy,-0.5783297236,0.3733373896,-1.31382934,0.1571698927,0.1227022726,360,3,120,0.01041167271,-0.01119669236,-0.8517193144,-0.1506571026,True,True,Driscoll-Kraay,bartlett,3,0.3214251745,-0.8997548981,materially changed,2,3.498356822,0.9588497055,2.797924021,-0.5074848067
retail_nonfood_yoy,Model B: entity + time FE,consumer_confidence,-0.03324598735,0.1437776196,-0.3164975099,0.2500055352,0.8173349154,360,3,120,0.01041167271,-0.01119669236,-0.8517193144,-0.1506571026,True,True,Driscoll-Kraay,bartlett,3,0.308959344,-0.3422053314,materially changed,2,3.498356822,0.9588497055,2.797924021,-0.5074848067
