sample,model,scope,outcome,term,coefficient,standard_error,ci_lower_95,ci_upper_95,p_value,n,r_squared,adjusted_r_squared,covariance
Primary full sample,Pooled country-FE OLS,Pooled,retail_total_yoy,inflation_yoy,-0.04598505175,0.150777884,-0.341504274,0.2495341705,0.7603772796,360,0.117236372,0.1072897396,HC3
Primary full sample,Pooled country-FE OLS,Pooled,retail_total_yoy,consumer_confidence,0.1952942564,0.05448521364,0.08850519994,0.3020833128,0.0003379144014,360,0.117236372,0.1072897396,HC3
Primary full sample,Country OLS,NL,retail_total_yoy,inflation_yoy,0.1230626446,0.2022906433,-0.2734197306,0.5195450199,0.5429582117,120,0.1637282739,0.1494330307,Newey-West HAC maxlags=3
Primary full sample,Country OLS,NL,retail_total_yoy,consumer_confidence,0.1649642481,0.05440534561,0.05833173018,0.2715967661,0.002428321199,120,0.1637282739,0.1494330307,Newey-West HAC maxlags=3
Primary full sample,Country OLS,DE,retail_total_yoy,inflation_yoy,-0.6907019738,0.2516954462,-1.184015983,-0.1973879643,0.006065906088,120,0.3346479745,0.3232744356,Newey-West HAC maxlags=3
Primary full sample,Country OLS,DE,retail_total_yoy,consumer_confidence,0.04575463726,0.07514782545,-0.1015323941,0.1930416686,0.5426160729,120,0.3346479745,0.3232744356,Newey-West HAC maxlags=3
Primary full sample,Country OLS,FR,retail_total_yoy,inflation_yoy,0.3657209597,0.4866863303,-0.5881667195,1.319608639,0.4523812424,120,0.1197627296,0.1047159386,Newey-West HAC maxlags=3
Primary full sample,Country OLS,FR,retail_total_yoy,consumer_confidence,0.5086681176,0.2087640726,0.09949805415,0.9178381811,0.0148273305,120,0.1197627296,0.1047159386,Newey-West HAC maxlags=3
Primary full sample,Pooled country-FE OLS,Pooled,retail_food_yoy,inflation_yoy,-0.7859183316,0.09933851042,-0.9806182343,-0.5912184289,2.542708481e-15,360,0.4451913129,0.4389399474,HC3
Primary full sample,Pooled country-FE OLS,Pooled,retail_food_yoy,consumer_confidence,-0.006675891905,0.02780082351,-0.06116450472,0.04781272091,0.8102272427,360,0.4451913129,0.4389399474,HC3
Primary full sample,Country OLS,NL,retail_food_yoy,inflation_yoy,-0.539395619,0.2035587529,-0.9383634435,-0.1404277945,0.008053283349,120,0.3977176691,0.3874222446,Newey-West HAC maxlags=3
Primary full sample,Country OLS,NL,retail_food_yoy,consumer_confidence,0.03444404012,0.05823737212,-0.07969911178,0.148587192,0.5542241648,120,0.3977176691,0.3874222446,Newey-West HAC maxlags=3
Primary full sample,Country OLS,DE,retail_food_yoy,inflation_yoy,-1.282636773,0.1643094771,-1.60467743,-0.9605961155,5.892627088e-15,120,0.5965151814,0.589618005,Newey-West HAC maxlags=3
Primary full sample,Country OLS,DE,retail_food_yoy,consumer_confidence,-0.1486159199,0.05532135305,-0.2570437794,-0.04018806032,0.007222407523,120,0.5965151814,0.589618005,Newey-West HAC maxlags=3
Primary full sample,Country OLS,FR,retail_food_yoy,inflation_yoy,-0.6473124154,0.2336898079,-1.105336023,-0.1892888083,0.005606244431,120,0.3244218378,0.3128734932,Newey-West HAC maxlags=3
Primary full sample,Country OLS,FR,retail_food_yoy,consumer_confidence,0.1330366955,0.05924087235,0.01692671928,0.2491466717,0.0247238053,120,0.3244218378,0.3128734932,Newey-West HAC maxlags=3
Primary full sample,Pooled country-FE OLS,Pooled,retail_nonfood_yoy,inflation_yoy,0.3214251745,0.2327130086,-0.134683941,0.7775342901,0.1672148765,360,0.06191985304,0.05134993589,HC3
Primary full sample,Pooled country-FE OLS,Pooled,retail_nonfood_yoy,consumer_confidence,0.308959344,0.08228932292,0.1476752348,0.4702434533,0.0001736534599,360,0.06191985304,0.05134993589,HC3
Primary full sample,Country OLS,NL,retail_nonfood_yoy,inflation_yoy,0.3266433738,0.3944516946,-0.4464677413,1.099754489,0.4076168478,120,0.06029017609,0.04422676029,Newey-West HAC maxlags=3
Primary full sample,Country OLS,NL,retail_nonfood_yoy,consumer_confidence,0.2071496293,0.08878138688,0.03314130847,0.3811579501,0.01963475722,120,0.06029017609,0.04422676029,Newey-West HAC maxlags=3
Primary full sample,Country OLS,DE,retail_nonfood_yoy,inflation_yoy,-0.2767184476,0.4376739821,-1.134543689,0.5811067942,0.5272249146,120,0.1164241951,0.1013203352,Newey-West HAC maxlags=3
Primary full sample,Country OLS,DE,retail_nonfood_yoy,consumer_confidence,0.180047826,0.133797642,-0.08219073349,0.4422863856,0.1784081139,120,0.1164241951,0.1013203352,Newey-West HAC maxlags=3
Primary full sample,Country OLS,FR,retail_nonfood_yoy,inflation_yoy,0.9298300361,0.6721178468,-0.387496737,2.247156809,0.1665321255,120,0.08946741009,0.07390275043,Newey-West HAC maxlags=3
Primary full sample,Country OLS,FR,retail_nonfood_yoy,consumer_confidence,0.7469039323,0.3002576875,0.1584096787,1.335398186,0.01286288743,120,0.08946741009,0.07390275043,Newey-West HAC maxlags=3
Excluding 2020-03 to 2021-12,Pooled country-FE OLS,Pooled,retail_total_yoy,inflation_yoy,-0.126313978,0.1030067818,-0.3282035606,0.07557560456,0.2200976287,294,0.2670480421,0.2569033783,HC3
Excluding 2020-03 to 2021-12,Pooled country-FE OLS,Pooled,retail_total_yoy,consumer_confidence,0.140527799,0.0289044042,0.08387620782,0.1971793903,1.163156632e-06,294,0.2670480421,0.2569033783,HC3
Excluding 2020-03 to 2021-12,Country OLS,NL,retail_total_yoy,inflation_yoy,0.21793472,0.1808549332,-0.1365344356,0.5724038755,0.2281936422,98,0.2895380274,0.2745809332,Newey-West HAC maxlags=3
Excluding 2020-03 to 2021-12,Country OLS,NL,retail_total_yoy,consumer_confidence,0.1989179639,0.04127486967,0.1180207058,0.2798152219,1.440280785e-06,98,0.2895380274,0.2745809332,Newey-West HAC maxlags=3
Excluding 2020-03 to 2021-12,Country OLS,DE,retail_total_yoy,inflation_yoy,-0.414884707,0.3427282918,-1.086619815,0.2568504014,0.2260735411,98,0.3822774869,0.3692728024,Newey-West HAC maxlags=3
Excluding 2020-03 to 2021-12,Country OLS,DE,retail_total_yoy,consumer_confidence,0.1281716666,0.1024647298,-0.07265551347,0.3289988466,0.210976177,98,0.3822774869,0.3692728024,Newey-West HAC maxlags=3
Excluding 2020-03 to 2021-12,Country OLS,FR,retail_total_yoy,inflation_yoy,-0.4809393515,0.2106471993,-0.8938002755,-0.06807842753,0.02242147868,98,0.2313874748,0.2152061585,Newey-West HAC maxlags=3
Excluding 2020-03 to 2021-12,Country OLS,FR,retail_total_yoy,consumer_confidence,0.03036998703,0.04793055309,-0.06357217079,0.1243121448,0.5263257132,98,0.2313874748,0.2152061585,Newey-West HAC maxlags=3
Excluding 2020-03 to 2021-12,Pooled country-FE OLS,Pooled,retail_food_yoy,inflation_yoy,-0.4851123317,0.08831616684,-0.658208838,-0.3120158255,3.953750615e-08,294,0.5534456533,0.5472649703,HC3
Excluding 2020-03 to 2021-12,Pooled country-FE OLS,Pooled,retail_food_yoy,consumer_confidence,0.08706726657,0.01975962401,0.04833911517,0.125795418,1.051406174e-05,294,0.5534456533,0.5472649703,HC3
Excluding 2020-03 to 2021-12,Country OLS,NL,retail_food_yoy,inflation_yoy,-0.1419055043,0.1345737973,-0.4056653003,0.1218542917,0.2916627825,98,0.594664933,0.5861315631,Newey-West HAC maxlags=3
Excluding 2020-03 to 2021-12,Country OLS,NL,retail_food_yoy,consumer_confidence,0.1684861281,0.0352470003,0.09940327693,0.2375689792,1.751600153e-06,98,0.594664933,0.5861315631,Newey-West HAC maxlags=3
Excluding 2020-03 to 2021-12,Country OLS,DE,retail_food_yoy,inflation_yoy,-0.8683574058,0.1801558527,-1.221456389,-0.5152584229,1.435334751e-06,98,0.6356454267,0.6279748041,Newey-West HAC maxlags=3
Excluding 2020-03 to 2021-12,Country OLS,DE,retail_food_yoy,consumer_confidence,-0.002078689374,0.0419390082,-0.08427763499,0.08012025624,0.9604693721,98,0.6356454267,0.6279748041,Newey-West HAC maxlags=3
Excluding 2020-03 to 2021-12,Country OLS,FR,retail_food_yoy,inflation_yoy,-0.7482011265,0.2411249807,-1.220797405,-0.2756048485,0.001915956519,98,0.4083906212,0.3959356869,Newey-West HAC maxlags=3
Excluding 2020-03 to 2021-12,Country OLS,FR,retail_food_yoy,consumer_confidence,0.03270901252,0.05744217983,-0.07987559114,0.1452936162,0.5690677636,98,0.4083906212,0.3959356869,Newey-West HAC maxlags=3
Excluding 2020-03 to 2021-12,Pooled country-FE OLS,Pooled,retail_nonfood_yoy,inflation_yoy,0.1206599757,0.1756188447,-0.2235466348,0.4648665863,0.4920474587,294,0.1073495074,0.09499448326,HC3
Excluding 2020-03 to 2021-12,Pooled country-FE OLS,Pooled,retail_nonfood_yoy,consumer_confidence,0.2008658631,0.04959816855,0.1036552391,0.2980764872,5.124729305e-05,294,0.1073495074,0.09499448326,HC3
Excluding 2020-03 to 2021-12,Country OLS,NL,retail_nonfood_yoy,inflation_yoy,0.3546545849,0.3925691311,-0.4147667734,1.124075943,0.3663033259,98,0.09377111851,0.07469261575,Newey-West HAC maxlags=3
Excluding 2020-03 to 2021-12,Country OLS,NL,retail_nonfood_yoy,consumer_confidence,0.2239534047,0.0842588326,0.05880912739,0.389097682,0.007862408817,98,0.09377111851,0.07469261575,Newey-West HAC maxlags=3
Excluding 2020-03 to 2021-12,Country OLS,DE,retail_nonfood_yoy,inflation_yoy,-0.0407612521,0.5839095327,-1.185202907,1.103680402,0.9443468948,98,0.164867263,0.1472855212,Newey-West HAC maxlags=3
Excluding 2020-03 to 2021-12,Country OLS,DE,retail_nonfood_yoy,consumer_confidence,0.2371328517,0.1794252474,-0.1145341711,0.5887998746,0.1862931302,98,0.164867263,0.1472855212,Newey-West HAC maxlags=3
Excluding 2020-03 to 2021-12,Country OLS,FR,retail_nonfood_yoy,inflation_yoy,-0.1517760853,0.2152420897,-0.573642829,0.2700906585,0.4807223119,98,0.06310616181,0.04338208101,Newey-West HAC maxlags=3
Excluding 2020-03 to 2021-12,Country OLS,FR,retail_nonfood_yoy,consumer_confidence,0.09651646656,0.05819494284,-0.01754352549,0.2105764586,0.09721605432,98,0.06310616181,0.04338208101,Newey-West HAC maxlags=3
