model,scope,outcome,term,coefficient,standard_error,ci_lower_95,ci_upper_95,p_value,n,r_squared,adjusted_r_squared,covariance
Pooled country-FE OLS,Pooled,retail_total_yoy,Intercept,3.262430317,0.3273459853,2.620843976,3.904016659,2.14041603e-23,360,0.117236372,0.1072897396,HC3
Pooled country-FE OLS,Pooled,retail_total_yoy,C(country_code)[T.FR],1.855386577,0.6757925696,0.5308574801,3.179915675,0.006041929123,360,0.117236372,0.1072897396,HC3
Pooled country-FE OLS,Pooled,retail_total_yoy,C(country_code)[T.NL],0.3055997748,0.4163869605,-0.5105036715,1.121703221,0.462990095,360,0.117236372,0.1072897396,HC3
Pooled country-FE OLS,Pooled,retail_total_yoy,inflation_yoy,-0.04598505175,0.150777884,-0.341504274,0.2495341705,0.7603772796,360,0.117236372,0.1072897396,HC3
Pooled country-FE OLS,Pooled,retail_total_yoy,consumer_confidence,0.1952942564,0.05448521364,0.08850519994,0.3020833128,0.0003379144014,360,0.117236372,0.1072897396,HC3
Pooled country-FE OLS,Pooled,retail_food_yoy,Intercept,2.724725085,0.3045959567,2.12772798,3.32172219,3.706886636e-19,360,0.4451913129,0.4389399474,HC3
Pooled country-FE OLS,Pooled,retail_food_yoy,C(country_code)[T.FR],0.7848957767,0.4136951667,-0.02593185063,1.595723404,0.05779092595,360,0.4451913129,0.4389399474,HC3
Pooled country-FE OLS,Pooled,retail_food_yoy,C(country_code)[T.NL],-0.6035533519,0.3369892019,-1.264040051,0.05693334687,0.07329058481,360,0.4451913129,0.4389399474,HC3
Pooled country-FE OLS,Pooled,retail_food_yoy,inflation_yoy,-0.7859183316,0.09933851042,-0.9806182343,-0.5912184289,2.542708481e-15,360,0.4451913129,0.4389399474,HC3
Pooled country-FE OLS,Pooled,retail_food_yoy,consumer_confidence,-0.006675891905,0.02780082351,-0.06116450472,0.04781272091,0.8102272427,360,0.4451913129,0.4389399474,HC3
Pooled country-FE OLS,Pooled,retail_nonfood_yoy,Intercept,3.97699451,0.5525076085,2.894099496,5.059889524,6.106587435e-13,360,0.06191985304,0.05134993589,HC3
Pooled country-FE OLS,Pooled,retail_nonfood_yoy,C(country_code)[T.FR],3.161602145,1.122042051,0.962440137,5.360764154,0.004836572338,360,0.06191985304,0.05134993589,HC3
Pooled country-FE OLS,Pooled,retail_nonfood_yoy,C(country_code)[T.NL],1.146273692,0.7230414187,-0.2708614482,2.563408832,0.1128868414,360,0.06191985304,0.05134993589,HC3
Pooled country-FE OLS,Pooled,retail_nonfood_yoy,inflation_yoy,0.3214251745,0.2327130086,-0.134683941,0.7775342901,0.1672148765,360,0.06191985304,0.05134993589,HC3
Pooled country-FE OLS,Pooled,retail_nonfood_yoy,consumer_confidence,0.308959344,0.08228932292,0.1476752348,0.4702434533,0.0001736534599,360,0.06191985304,0.05134993589,HC3
