country_code,variable,nonmissing_count,missing_count,first_nonmissing_date,last_nonmissing_date
NL,inflation_yoy,132,0,2015-01-01,2025-12-01
NL,consumer_confidence,132,0,2015-01-01,2025-12-01
NL,retail_total_index,132,0,2015-01-01,2025-12-01
NL,retail_food_index,132,0,2015-01-01,2025-12-01
NL,retail_nonfood_index,132,0,2015-01-01,2025-12-01
NL,retail_total_yoy,120,12,2016-01-01,2025-12-01
NL,retail_food_yoy,120,12,2016-01-01,2025-12-01
NL,retail_nonfood_yoy,120,12,2016-01-01,2025-12-01
NL,consumer_confidence_lag1,131,1,2015-02-01,2025-12-01
NL,consumer_confidence_lag2,130,2,2015-03-01,2025-12-01
NL,consumer_confidence_lag3,129,3,2015-04-01,2025-12-01
NL,inflation_lag1,131,1,2015-02-01,2025-12-01
NL,inflation_lag2,130,2,2015-03-01,2025-12-01
NL,inflation_lag3,129,3,2015-04-01,2025-12-01
DE,inflation_yoy,132,0,2015-01-01,2025-12-01
DE,consumer_confidence,132,0,2015-01-01,2025-12-01
DE,retail_total_index,132,0,2015-01-01,2025-12-01
DE,retail_food_index,132,0,2015-01-01,2025-12-01
DE,retail_nonfood_index,132,0,2015-01-01,2025-12-01
DE,retail_total_yoy,120,12,2016-01-01,2025-12-01
DE,retail_food_yoy,120,12,2016-01-01,2025-12-01
DE,retail_nonfood_yoy,120,12,2016-01-01,2025-12-01
DE,consumer_confidence_lag1,131,1,2015-02-01,2025-12-01
DE,consumer_confidence_lag2,130,2,2015-03-01,2025-12-01
DE,consumer_confidence_lag3,129,3,2015-04-01,2025-12-01
DE,inflation_lag1,131,1,2015-02-01,2025-12-01
DE,inflation_lag2,130,2,2015-03-01,2025-12-01
DE,inflation_lag3,129,3,2015-04-01,2025-12-01
FR,inflation_yoy,132,0,2015-01-01,2025-12-01
FR,consumer_confidence,132,0,2015-01-01,2025-12-01
FR,retail_total_index,132,0,2015-01-01,2025-12-01
FR,retail_food_index,132,0,2015-01-01,2025-12-01
FR,retail_nonfood_index,132,0,2015-01-01,2025-12-01
FR,retail_total_yoy,120,12,2016-01-01,2025-12-01
FR,retail_food_yoy,120,12,2016-01-01,2025-12-01
FR,retail_nonfood_yoy,120,12,2016-01-01,2025-12-01
FR,consumer_confidence_lag1,131,1,2015-02-01,2025-12-01
FR,consumer_confidence_lag2,130,2,2015-03-01,2025-12-01
FR,consumer_confidence_lag3,129,3,2015-04-01,2025-12-01
FR,inflation_lag1,131,1,2015-02-01,2025-12-01
FR,inflation_lag2,130,2,2015-03-01,2025-12-01
FR,inflation_lag3,129,3,2015-04-01,2025-12-01
