country_code,country,date,inflation_yoy,consumer_confidence,retail_total_index,retail_food_index,retail_nonfood_index,retail_total_yoy,retail_food_yoy,retail_nonfood_yoy,consumer_confidence_lag1,consumer_confidence_lag2,consumer_confidence_lag3,inflation_lag1,inflation_lag2,inflation_lag3
DE,Germany,2015-01-01,-0.5,-0.5,84,90.7,79.1,,,,,,,,,
DE,Germany,2015-02-01,-0.1,-0.1,84,89.6,80,,,,-0.5,,,-0.5,,
DE,Germany,2015-03-01,0.2,0.5,83.9,89.4,80.1,,,,-0.1,-0.5,,-0.1,-0.5,
DE,Germany,2015-04-01,1.1,0.7,83.9,90.5,79.4,,,,0.5,-0.1,-0.5,0.2,-0.1,-0.5
DE,Germany,2015-05-01,1.6,0.1,85.8,91.3,82,,,,0.7,0.5,-0.1,1.1,0.2,-0.1
DE,Germany,2015-06-01,1.2,-0.2,85.2,89.5,82.2,,,,0.1,0.7,0.5,1.6,1.1,0.2
DE,Germany,2015-07-01,1.2,-0.6,86.2,90.4,83.4,,,,-0.2,0.1,0.7,1.2,1.6,1.1
DE,Germany,2015-08-01,1.2,-1,86.4,92.5,82.1,,,,-0.6,-0.2,0.1,1.2,1.2,1.6
DE,Germany,2015-09-01,0.9,-2.1,86.1,90.4,83.1,,,,-1,-0.6,-0.2,1.2,1.2,1.2
DE,Germany,2015-10-01,1.2,-3.2,86.1,90.4,83.1,,,,-2.1,-1,-0.6,0.9,1.2,1.2
DE,Germany,2015-11-01,0.2,-3.2,86.4,91.1,83.1,,,,-3.2,-2.1,-1,1.2,0.9,1.2
DE,Germany,2015-12-01,0.2,-1.8,87.5,92.2,84.1,,,,-3.2,-3.2,-2.1,0.2,1.2,0.9
DE,Germany,2016-01-01,0.4,-2.2,87.2,91.8,83.8,3.80952380952,1.21278941566,5.94184576485,-1.8,-3.2,-3.2,0.2,0.2,1.2
DE,Germany,2016-02-01,-0.1,-2.2,87.1,91.3,84,3.69047619048,1.89732142857,5,-2.2,-1.8,-3.2,0.4,0.2,0.2
DE,Germany,2016-03-01,0.1,-2.6,86.3,89.9,83.6,2.86054827175,0.559284116331,4.3695380774,-2.2,-2.2,-1.8,-0.1,0.4,0.2
DE,Germany,2016-04-01,-0.3,-1.7,85.6,89.3,82.7,2.02622169249,-1.32596685083,4.15617128463,-2.6,-2.2,-2.2,0.1,-0.1,0.4
DE,Germany,2016-05-01,-0.1,-2,86.6,90.5,83.7,0.932400932401,-0.876232201533,2.07317073171,-1.7,-2.6,-2.2,-0.3,0.1,-0.1
DE,Germany,2016-06-01,0.1,-1.1,86.4,90.6,83.4,1.40845070423,1.22905027933,1.4598540146,-2,-1.7,-2.6,-0.1,-0.3,0.1
DE,Germany,2016-07-01,0.4,-1.5,87.3,91.9,84.1,1.27610208817,1.6592920354,0.83932853717,-1.1,-2,-1.7,0.1,-0.1,-0.3
DE,Germany,2016-08-01,0.3,-1.2,87.8,92,84.9,1.62037037037,-0.540540540541,3.41047503045,-1.5,-1.1,-2,0.4,0.1,-0.1
DE,Germany,2016-09-01,0.5,-1.5,87,92.3,83.2,1.04529616725,2.1017699115,0.120336943442,-1.2,-1.5,-1.1,0.3,0.4,0.1
DE,Germany,2016-10-01,0.7,-1.7,89.3,92.4,87.2,3.71660859466,2.21238938053,4.93381468111,-1.5,-1.2,-1.5,0.5,0.3,0.4
DE,Germany,2016-11-01,0.7,-0.9,87.4,91,84.9,1.15740740741,-0.109769484083,2.16606498195,-1.7,-1.5,-1.2,0.7,0.5,0.3
DE,Germany,2016-12-01,1.6,-0.3,88.9,90.9,87.4,1.6,-1.40997830803,3.92390011891,-0.9,-1.7,-1.5,0.7,0.7,0.5
DE,Germany,2017-01-01,1.8,-0.1,87.9,90.9,85.7,0.802752293578,-0.980392156863,2.26730310263,-0.3,-0.9,-1.7,1.6,0.7,0.7
DE,Germany,2017-02-01,2.1,-1.4,88.9,91.5,87,2.06659012629,0.219058050383,3.57142857143,-0.1,-0.3,-0.9,1.8,1.6,0.7
DE,Germany,2017-03-01,1.5,-0.4,90.2,92.6,88.3,4.5191193511,3.00333704116,5.62200956938,-1.4,-0.1,-0.3,2.1,1.8,1.6
DE,Germany,2017-04-01,2,0.4,89.7,93.9,86.8,4.78971962617,5.15117581187,4.9576783555,-0.4,-1.4,-0.1,1.5,2.1,1.8
DE,Germany,2017-05-01,1.4,1.3,90.3,92.5,88.7,4.27251732102,2.20994475138,5.97371565114,0.4,-0.4,-1.4,2,1.5,2.1
DE,Germany,2017-06-01,1.7,2,90.6,92.7,89.1,4.86111111111,2.3178807947,6.8345323741,1.3,0.4,-0.4,1.4,2,1.5
DE,Germany,2017-07-01,1.7,2,90.3,93.5,87.9,3.43642611684,1.74102285092,4.51843043995,2,1.3,0.4,1.7,1.4,2
DE,Germany,2017-08-01,1.9,1.4,90.1,93,88.1,2.61958997722,1.08695652174,3.7691401649,2,2,1.3,1.7,1.7,1.4
DE,Germany,2017-09-01,1.9,1.3,91.6,95,89.3,5.28735632184,2.92524377031,7.33173076923,1.4,2,2,1.9,1.7,1.7
DE,Germany,2017-10-01,1.5,1.6,89.7,92.5,87.8,0.447928331467,0.108225108225,0.688073394495,1.3,1.4,2,1.9,1.9,1.7
DE,Germany,2017-11-01,1.8,1.5,91,93.7,89.1,4.11899313501,2.96703296703,4.94699646643,1.6,1.3,1.4,1.5,1.9,1.9
DE,Germany,2017-12-01,1.5,1.4,91.7,93.9,90.2,3.14960629921,3.300330033,3.20366132723,1.5,1.6,1.3,1.8,1.5,1.9
DE,Germany,2018-01-01,1.4,2.3,90.4,93,88.4,2.8441410694,2.3102310231,3.15052508751,1.4,1.5,1.6,1.5,1.8,1.5
DE,Germany,2018-02-01,1.2,2.3,90.4,93.5,88.1,1.68728908886,2.18579234973,1.26436781609,2.3,1.4,1.5,1.4,1.5,1.8
DE,Germany,2018-03-01,1.7,1.6,89.9,93.3,87.4,-0.332594235033,0.755939524838,-1.01925254813,2.3,2.3,1.4,1.2,1.4,1.5
DE,Germany,2018-04-01,1.3,1.4,93.8,95.4,92.5,4.57079152731,1.59744408946,6.5668202765,1.6,2.3,2.3,1.7,1.2,1.4
DE,Germany,2018-05-01,2.4,1.1,91.9,95.1,89.5,1.77187153931,2.81081081081,0.901916572717,1.4,1.6,2.3,1.3,1.7,1.2
DE,Germany,2018-06-01,2,1.4,92.1,95.6,89.6,1.65562913907,3.12837108954,0.561167227834,1.1,1.4,1.6,2.4,1.3,1.7
DE,Germany,2018-07-01,2.2,0.2,91.8,94.3,90,1.66112956811,0.855614973262,2.38907849829,1.4,1.1,1.4,2,2.4,1.3
DE,Germany,2018-08-01,2.1,0.6,92,94.6,90.1,2.10876803552,1.72043010753,2.27014755959,0.2,1.4,1.1,2.2,2,2.4
DE,Germany,2018-09-01,2.2,0.2,91.9,95.3,89.6,0.327510917031,0.315789473684,0.3359462486,0.6,0.2,1.4,2.1,2.2,2
DE,Germany,2018-10-01,2.6,-0.1,92.3,95.2,90.1,2.89855072464,2.91891891892,2.61958997722,0.2,0.6,0.2,2.2,2.1,2.2
DE,Germany,2018-11-01,2.1,0,92.4,93.7,91.3,1.53846153846,0,2.46913580247,-0.1,0.2,0.6,2.6,2.2,2.1
DE,Germany,2018-12-01,1.6,-0.8,92.1,95.5,89.6,0.436205016358,1.70394036209,-0.665188470067,0,-0.1,0.2,2.1,2.6,2.2
DE,Germany,2019-01-01,1.7,0,94.3,95.7,93.1,4.31415929204,2.90322580645,5.31674208145,-0.8,0,-0.1,1.6,2.1,2.6
DE,Germany,2019-02-01,1.7,-0.3,95.2,95.7,94.5,5.30973451327,2.35294117647,7.26447219069,0,-0.8,0,1.7,1.6,2.1
DE,Germany,2019-03-01,1.4,-0.2,93.6,95.6,92,4.11568409344,2.46516613076,5.26315789474,-0.3,0,-0.8,1.7,1.7,1.6
DE,Germany,2019-04-01,2.1,-0.5,94.9,95.9,94,1.17270788913,0.524109014675,1.62162162162,-0.2,-0.3,0,1.4,1.7,1.7
DE,Germany,2019-05-01,1.3,-0.9,93.1,94.3,92.1,1.30576713819,-0.841219768665,2.90502793296,-0.5,-0.2,-0.3,2.1,1.4,1.7
DE,Germany,2019-06-01,1.6,-2.9,96,98.2,94.5,4.2345276873,2.71966527197,5.46875,-0.9,-0.5,-0.2,1.3,2.1,1.4
DE,Germany,2019-07-01,1.2,-2.6,94.6,95.9,93.6,3.05010893246,1.6967126193,4,-2.9,-0.9,-0.5,1.6,1.3,2.1
DE,Germany,2019-08-01,1,-3.3,95.3,96.9,94.2,3.58695652174,2.43128964059,4.55049944506,-2.6,-2.9,-0.9,1.2,1.6,1.3
DE,Germany,2019-09-01,0.9,-2.1,95.4,95.6,95.1,3.8084874864,0.314795383001,6.13839285714,-3.3,-2.6,-2.9,1,1.2,1.6
DE,Germany,2019-10-01,0.8,-3.9,94.1,96.1,92.6,1.95016251354,0.945378151261,2.77469478357,-2.1,-3.3,-2.6,0.9,1,1.2
DE,Germany,2019-11-01,1.2,-2.2,94.9,97.1,93.2,2.70562770563,3.62860192102,2.08105147864,-3.9,-2.1,-3.3,0.8,0.9,1
DE,Germany,2019-12-01,1.6,-3.6,95.1,95.4,94.7,3.25732899023,-0.104712041885,5.69196428571,-2.2,-3.9,-2.1,1.2,0.8,0.9
DE,Germany,2020-01-01,1.7,-2.5,96.5,94.9,97.1,2.33297985154,-0.835945663532,4.29645542427,-3.6,-2.2,-3.9,1.6,1.2,0.8
DE,Germany,2020-02-01,1.7,-2.4,98,99.8,96.5,2.94117647059,4.2842215256,2.1164021164,-2.5,-3.6,-2.2,1.7,1.6,1.2
DE,Germany,2020-03-01,1.3,-8.4,94.7,106.4,86.8,1.17521367521,11.2970711297,-5.65217391304,-2.4,-2.5,-3.6,1.7,1.7,1.6
DE,Germany,2020-04-01,0.8,-18.1,91,103.2,82.6,-4.1095890411,7.61209593326,-12.1276595745,-8.4,-2.4,-2.5,1.3,1.7,1.7
DE,Germany,2020-05-01,0.5,-15.5,101.5,104.5,99.6,9.02255639098,10.816542948,8.14332247557,-18.1,-8.4,-2.4,0.8,1.3,1.7
DE,Germany,2020-06-01,0.8,-11.4,100.5,98.4,102,4.6875,0.20366598778,7.93650793651,-15.5,-18.1,-8.4,0.5,0.8,1.3
DE,Germany,2020-07-01,0,-10.4,100,98.5,101.2,5.70824524313,2.71115745568,8.11965811966,-11.4,-15.5,-18.1,0.8,0.5,0.8
DE,Germany,2020-08-01,-0.1,-8.1,102.4,103.2,102.1,7.45015739769,6.50154798762,8.3864118896,-10.4,-11.4,-15.5,0,0.8,0.5
DE,Germany,2020-09-01,-0.4,-8.5,100.9,99.9,101.6,5.76519916143,4.49790794979,6.8349106204,-8.1,-10.4,-11.4,-0.1,0,0.8
DE,Germany,2020-10-01,-0.4,-9.1,103.3,102.3,104.1,9.77683315622,6.45161290323,12.4190064795,-8.5,-8.1,-10.4,-0.4,-0.1,0
DE,Germany,2020-11-01,-0.7,-9.7,103.7,101.8,105.3,9.27291886196,4.8403707518,12.982832618,-9.1,-8.5,-8.1,-0.4,-0.4,-0.1
DE,Germany,2020-12-01,-0.6,-8.7,100,103.6,97.4,5.15247108307,8.59538784067,2.85110876452,-9.7,-9.1,-8.5,-0.7,-0.4,-0.4
DE,Germany,2021-01-01,1.6,-11.3,90.3,103.7,80.9,-6.42487046632,9.27291886196,-16.683831102,-8.7,-9.7,-9.1,-0.6,-0.7,-0.4
DE,Germany,2021-02-01,1.6,-9.5,94.3,103.5,87.9,-3.77551020408,3.70741482966,-8.91191709845,-11.3,-8.7,-9.7,1.6,-0.6,-0.7
DE,Germany,2021-03-01,2,-6.8,102.2,104.9,100.4,7.91974656811,-1.40977443609,15.668202765,-9.5,-11.3,-8.7,1.6,1.6,-0.6
DE,Germany,2021-04-01,2,-8.2,97.1,100.9,94.5,6.7032967033,-2.22868217054,14.406779661,-6.8,-9.5,-11.3,2,1.6,1.6
DE,Germany,2021-05-01,2.4,-4.9,101,102.5,100.1,-0.492610837438,-1.91387559809,0.502008032129,-8.2,-6.8,-9.5,2,2,1.6
DE,Germany,2021-06-01,2,-1.7,105.4,99.6,109.5,4.87562189055,1.21951219512,7.35294117647,-4.9,-8.2,-6.8,2.4,2,2
DE,Germany,2021-07-01,3.1,-2.6,100,98,101.4,0,-0.507614213198,0.197628458498,-1.7,-4.9,-8.2,2,2.4,2
DE,Germany,2021-08-01,3.4,-3.9,102.3,96.5,106.3,-0.09765625,-6.49224806202,4.11361410382,-2.6,-1.7,-4.9,3.1,2,2.4
DE,Germany,2021-09-01,4,-0.8,99.9,96.8,101.9,-0.991080277502,-3.1031031031,0.295275590551,-3.9,-2.6,-1.7,3.4,3.1,2
DE,Germany,2021-10-01,4.6,-2.6,102,98.1,104.7,-1.25847047435,-4.10557184751,0.576368876081,-0.8,-3.9,-2.6,4,3.4,3.1
DE,Germany,2021-11-01,6,-4.4,102,98.1,104.8,-1.6393442623,-3.63457760314,-0.474833808167,-2.6,-0.8,-3.9,4.6,4,3.4
DE,Germany,2021-12-01,5.7,-6.4,101.5,97.8,104.1,1.5,-5.59845559846,6.87885010267,-4.4,-2.6,-0.8,6,4.6,4
DE,Germany,2022-01-01,5.1,-4.9,103.6,102.6,104.5,14.7286821705,-1.06075216972,29.1718170581,-6.4,-4.4,-2.6,5.7,6,4.6
DE,Germany,2022-02-01,5.4,-6.3,103.6,102.1,104.8,9.86214209968,-1.35265700483,19.2263936291,-4.9,-6.4,-4.4,5.1,5.7,6
DE,Germany,2022-03-01,7.6,-15.4,101.9,100,103.6,-0.293542074364,-4.67111534795,3.18725099602,-6.3,-4.9,-6.4,5.4,5.1,5.7
DE,Germany,2022-04-01,7.9,-18.6,100,96.5,102.8,2.98661174047,-4.36075322101,8.78306878307,-15.4,-6.3,-4.9,7.6,5.4,5.1
DE,Germany,2022-05-01,8.6,-18.8,99.3,94.5,102.9,-1.68316831683,-7.80487804878,2.7972027972,-18.6,-15.4,-6.3,7.9,7.6,5.4
DE,Germany,2022-06-01,8.3,-20.4,99,94,102.6,-6.07210626186,-5.62248995984,-6.30136986301,-18.8,-18.6,-15.4,8.6,7.9,7.6
DE,Germany,2022-07-01,8.4,-24.6,99.5,94.5,103,-0.5,-3.57142857143,1.57790927022,-20.4,-18.8,-18.6,8.3,8.6,7.9
DE,Germany,2022-08-01,8.8,-23.5,98.2,93.2,101.4,-4.00782013685,-3.41968911917,-4.60959548448,-24.6,-20.4,-18.8,8.4,8.3,8.6
DE,Germany,2022-09-01,11,-28,99.5,93.1,104.2,-0.4004004004,-3.82231404959,2.25711481845,-23.5,-24.6,-20.4,8.8,8.4,8.3
DE,Germany,2022-10-01,11.6,-26.6,97.4,93.3,100.4,-4.50980392157,-4.89296636086,-4.10697230181,-28,-23.5,-24.6,11,8.8,8.4
DE,Germany,2022-11-01,11.3,-24.3,97.7,92.5,101.4,-4.21568627451,-5.70846075433,-3.24427480916,-26.6,-28,-23.5,11.6,11,8.8
DE,Germany,2022-12-01,9.6,-22,96.7,89.6,101.6,-4.72906403941,-8.38445807771,-2.40153698367,-24.3,-26.6,-28,11.3,11.6,11
DE,Germany,2023-01-01,9.2,-19.9,96.1,92.8,98.4,-7.23938223938,-9.55165692008,-5.83732057416,-22,-24.3,-26.6,9.6,11.3,11.6
DE,Germany,2023-02-01,9.3,-16.8,96.4,93.3,98.6,-6.94980694981,-8.61900097943,-5.91603053435,-19.9,-22,-24.3,9.2,9.6,11.3
DE,Germany,2023-03-01,7.7,-17.8,94.7,90.3,97.9,-7.06575073602,-9.7,-5.50193050193,-16.8,-19.9,-22,9.3,9.2,9.6
DE,Germany,2023-04-01,7.5,-14.4,95.8,92.8,98.1,-4.2,-3.83419689119,-4.5719844358,-17.8,-16.8,-19.9,7.7,9.3,9.2
DE,Germany,2023-05-01,6.3,-14,97.1,92.8,100.2,-2.21550855992,-1.79894179894,-2.62390670554,-14.4,-17.8,-16.8,7.5,7.7,9.3
DE,Germany,2023-06-01,6.7,-14.2,97.7,92,101.7,-1.31313131313,-2.12765957447,-0.877192982456,-14,-14.4,-17.8,6.3,7.5,7.7
DE,Germany,2023-07-01,6.5,-14,97,93.4,99.6,-2.51256281407,-1.16402116402,-3.30097087379,-14.2,-14,-14.4,6.7,6.3,7.5
DE,Germany,2023-08-01,6.4,-14.8,95.7,91.5,98.8,-2.54582484725,-1.82403433476,-2.5641025641,-14,-14.2,-14,6.5,6.7,6.3
DE,Germany,2023-09-01,4.3,-15.3,95.2,93.5,96.3,-4.3216080402,0.429645542428,-7.58157389635,-14.8,-14,-14.2,6.4,6.5,6.7
DE,Germany,2023-10-01,2.9,-15.2,96.5,92.2,99.5,-0.924024640657,-1.17899249732,-0.896414342629,-15.3,-14.8,-14,4.3,6.4,6.5
DE,Germany,2023-11-01,2.3,-16.3,96,92.5,98.5,-1.74002047083,0,-2.85996055227,-15.2,-15.3,-14.8,2.9,4.3,6.4
DE,Germany,2023-12-01,3.7,-13.8,95.5,91.8,98,-1.24095139607,2.45535714286,-3.54330708661,-16.3,-15.2,-15.3,2.3,2.9,4.3
DE,Germany,2024-01-01,3,-16.5,95.5,92.8,97.5,-0.624349635796,0,-0.914634146341,-13.8,-16.3,-15.2,3.7,2.3,2.9
DE,Germany,2024-02-01,2.7,-13.7,95.6,92.8,97.8,-0.829875518672,-0.5359056806,-0.811359026369,-16.5,-13.8,-16.3,3,3.7,2.3
DE,Germany,2024-03-01,2.4,-13.1,96.8,93.8,99,2.21752903907,3.87596899225,1.12359550562,-13.7,-16.5,-13.8,2.7,3,3.7
DE,Germany,2024-04-01,2.4,-10.3,96.8,93.4,99.2,1.04384133612,0.646551724138,1.12130479103,-13.1,-13.7,-16.5,2.4,2.7,3
DE,Germany,2024-05-01,2.8,-10.5,96.8,93.3,99.4,-0.308959835221,0.538793103448,-0.798403193613,-10.3,-13.1,-13.7,2.4,2.4,2.7
DE,Germany,2024-06-01,2.6,-10.4,95.9,93.9,97.5,-1.84237461617,2.0652173913,-4.12979351032,-10.5,-10.3,-13.1,2.8,2.4,2.4
DE,Germany,2024-07-01,2.6,-8.5,96.9,93.4,99.4,-0.103092783505,0,-0.200803212851,-10.4,-10.5,-10.3,2.6,2.8,2.4
DE,Germany,2024-08-01,2.1,-10,98.5,94.7,101.3,2.92580982236,3.49726775956,2.53036437247,-8.5,-10.4,-10.5,2.6,2.6,2.8
DE,Germany,2024-09-01,1.9,-10.8,99.8,93.8,104.1,4.83193277311,0.320855614973,8.09968847352,-10,-8.5,-10.4,2.1,2.6,2.6
DE,Germany,2024-10-01,2.4,-8.9,98.9,93.8,102.7,2.48704663212,1.73535791757,3.21608040201,-10.8,-10,-8.5,1.9,2.1,2.6
DE,Germany,2024-11-01,2.4,-10.7,99.4,94.9,102.7,3.54166666667,2.59459459459,4.26395939086,-8.9,-10.8,-10,2.4,1.9,2.1
DE,Germany,2024-12-01,2.8,-10.2,98.1,92.4,102.2,2.72251308901,0.653594771242,4.28571428571,-10.7,-8.9,-10.8,2.4,2.4,1.9
DE,Germany,2025-01-01,2.8,-11.3,99.9,94.5,103.8,4.60732984293,1.83189655172,6.46153846154,-10.2,-10.7,-8.9,2.8,2.4,2.4
DE,Germany,2025-02-01,2.6,-11.2,100,95.5,103.2,4.60251046025,2.90948275862,5.52147239264,-11.3,-10.2,-10.7,2.8,2.8,2.4
DE,Germany,2025-03-01,2.3,-10.3,100.4,95.8,103.6,3.71900826446,2.13219616205,4.64646464646,-11.2,-11.3,-10.2,2.6,2.8,2.8
DE,Germany,2025-04-01,2.2,-10.5,101.2,96,105,4.54545454545,2.78372591006,5.84677419355,-10.3,-11.2,-11.3,2.3,2.6,2.8
DE,Germany,2025-05-01,2.1,-9.1,99.8,95.1,103.3,3.09917355372,1.92926045016,3.92354124748,-10.5,-10.3,-11.2,2.2,2.3,2.6
DE,Germany,2025-06-01,2,-9.8,101.2,95.2,105.6,5.52659019812,1.3844515442,8.30769230769,-9.1,-10.5,-10.3,2.1,2.2,2.3
DE,Germany,2025-07-01,1.9,-8.9,100.8,94.3,105.5,4.02476780186,0.963597430407,6.13682092555,-9.8,-9.1,-10.5,2,2.1,2.2
DE,Germany,2025-08-01,2,-10.5,100.3,94.2,104.8,1.82741116751,-0.527983104541,3.45508390918,-8.9,-9.8,-9.1,1.9,2,2.1
DE,Germany,2025-09-01,2.3,-9.2,100.4,94.3,104.7,0.60120240481,0.533049040512,0.576368876081,-10.5,-8.9,-9.8,2,1.9,2
DE,Germany,2025-10-01,2.3,-10.8,100.9,95.8,104.7,2.02224469161,2.13219616205,1.94741966894,-9.2,-10.5,-8.9,2.3,2,1.9
DE,Germany,2025-11-01,2.5,-11.5,100.7,94.4,105.2,1.30784708249,-0.526870389884,2.43427458617,-10.8,-9.2,-10.5,2.3,2.3,2
DE,Germany,2025-12-01,2,-12,101.2,95.5,105.3,3.16004077472,3.35497835498,3.03326810176,-11.5,-10.8,-9.2,2.5,2.3,2.3
FR,France,2015-01-01,-0.4,-13.6,82.6,82.5,77.5,,,,,,,,,
FR,France,2015-02-01,-0.3,-11.3,82,82.6,76.9,,,,-13.6,,,-0.4,,
FR,France,2015-03-01,0,-10.8,81.7,82.4,76.4,,,,-11.3,-13.6,,-0.3,-0.4,
FR,France,2015-04-01,0.1,-9.8,82.9,83.8,77.6,,,,-10.8,-11.3,-13.6,0,-0.3,-0.4
FR,France,2015-05-01,0.3,-11.9,83.6,84.1,78,,,,-9.8,-10.8,-11.3,0.1,0,-0.3
FR,France,2015-06-01,0.3,-11.8,83.5,84.2,78.4,,,,-11.9,-9.8,-10.8,0.3,0.1,0
FR,France,2015-07-01,0.2,-12.9,83.5,84.5,78.3,,,,-11.8,-11.9,-9.8,0.3,0.3,0.1
FR,France,2015-08-01,0.1,-11.1,84.7,83.9,80.8,,,,-12.9,-11.8,-11.9,0.2,0.3,0.3
FR,France,2015-09-01,0.1,-10.2,84.9,84,81,,,,-11.1,-12.9,-11.8,0.1,0.2,0.3
FR,France,2015-10-01,0.1,-9.9,84.4,83.9,80.3,,,,-10.2,-11.1,-12.9,0.1,0.1,0.2
FR,France,2015-11-01,0.1,-9.2,82.5,82.6,77.7,,,,-9.9,-10.2,-11.1,0.1,0.1,0.1
FR,France,2015-12-01,0.3,-9.5,85.6,86.4,80.5,,,,-9.2,-9.9,-10.2,0.1,0.1,0.1
FR,France,2016-01-01,0.3,-8.4,85.7,84.5,82.2,3.75302663438,2.42424242424,6.06451612903,-9.5,-9.2,-9.9,0.3,0.1,0.1
FR,France,2016-02-01,-0.1,-10.7,86,84.5,82.1,4.87804878049,2.30024213075,6.76202860858,-8.4,-9.5,-9.2,0.3,0.3,0.1
FR,France,2016-03-01,-0.1,-12.1,85.2,84.6,80.8,4.28396572827,2.66990291262,5.75916230366,-10.7,-8.4,-9.5,-0.1,0.3,0.3
FR,France,2016-04-01,-0.1,-11.7,85.5,84.8,81.4,3.13630880579,1.19331742243,4.89690721649,-12.1,-10.7,-8.4,-0.1,-0.1,0.3
FR,France,2016-05-01,0.1,-9.4,85.8,84.6,81,2.63157894737,0.594530321046,3.84615384615,-11.7,-12.1,-10.7,-0.1,-0.1,-0.1
FR,France,2016-06-01,0.3,-12,85.4,85.1,82,2.2754491018,1.06888361045,4.59183673469,-9.4,-11.7,-12.1,0.1,-0.1,-0.1
FR,France,2016-07-01,0.4,-11.7,86,85.5,81.9,2.99401197605,1.18343195266,4.59770114943,-12,-9.4,-11.7,0.3,0.1,-0.1
FR,France,2016-08-01,0.4,-11.1,85.6,85.9,80.8,1.06257378985,2.38379022646,0,-11.7,-12,-9.4,0.4,0.3,0.1
FR,France,2016-09-01,0.5,-9.6,86,87.2,80.8,1.29564193168,3.80952380952,-0.246913580247,-11.1,-11.7,-12,0.4,0.4,0.3
FR,France,2016-10-01,0.5,-9.4,87.2,86.7,83.2,3.31753554502,3.33730631704,3.61145703611,-9.6,-11.1,-11.7,0.5,0.4,0.4
FR,France,2016-11-01,0.7,-7.9,86.5,86.6,82.1,4.84848484848,4.84261501211,5.66280566281,-9.4,-9.6,-11.1,0.5,0.5,0.4
FR,France,2016-12-01,0.8,-6.9,87.2,86.8,83,1.8691588785,0.462962962963,3.10559006211,-7.9,-9.4,-9.6,0.7,0.5,0.5
FR,France,2017-01-01,1.6,-7.4,87.6,87.9,83,2.2170361727,4.02366863905,0.973236009732,-6.9,-7.9,-9.4,0.8,0.7,0.5
FR,France,2017-02-01,1.4,-8.3,88,87.8,84.1,2.32558139535,3.90532544379,2.43605359318,-7.4,-6.9,-7.9,1.6,0.8,0.7
FR,France,2017-03-01,1.4,-8.3,88.6,88,84.9,3.99061032864,4.01891252955,5.07425742574,-8.3,-7.4,-6.9,1.4,1.6,0.8
FR,France,2017-04-01,1.4,-7.2,88.1,88.2,83.7,3.04093567251,4.00943396226,2.82555282555,-8.3,-8.3,-7.4,1.4,1.4,1.6
FR,France,2017-05-01,0.9,-6.6,89.1,88.2,85.3,3.84615384615,4.25531914894,5.30864197531,-7.2,-8.3,-8.3,1.4,1.4,1.4
FR,France,2017-06-01,0.8,-1.9,88.4,88.5,84.2,3.51288056206,3.99529964747,2.68292682927,-6.6,-7.2,-8.3,0.9,1.4,1.4
FR,France,2017-07-01,0.8,-4.3,89.7,88.3,86.2,4.3023255814,3.27485380117,5.25030525031,-1.9,-6.6,-7.2,0.8,0.9,1.4
FR,France,2017-08-01,1,-5.8,88.1,87.1,84.8,2.92056074766,1.39697322468,4.9504950495,-4.3,-1.9,-6.6,0.8,0.8,0.9
FR,France,2017-09-01,1.1,-7.3,91.4,90.2,88,6.27906976744,3.44036697248,8.91089108911,-5.8,-4.3,-1.9,1,0.8,0.8
FR,France,2017-10-01,1.2,-7.4,88.4,87.9,84.8,1.37614678899,1.38408304498,1.92307692308,-7.3,-5.8,-4.3,1.1,1,0.8
FR,France,2017-11-01,1.2,-4.2,91.2,90,88.3,5.43352601156,3.92609699769,7.55176613886,-7.4,-7.3,-5.8,1.2,1.1,1
FR,France,2017-12-01,1.2,-3.1,91.2,90,88,4.5871559633,3.6866359447,6.02409638554,-4.2,-7.4,-7.3,1.2,1.2,1.1
FR,France,2018-01-01,1.5,-4.2,90.5,89.8,87.2,3.31050228311,2.16154721274,5.06024096386,-3.1,-4.2,-7.4,1.2,1.2,1.2
FR,France,2018-02-01,1.3,-7.1,91,90.7,87.1,3.40909090909,3.30296127563,3.56718192628,-4.2,-3.1,-4.2,1.5,1.2,1.2
FR,France,2018-03-01,1.7,-6.9,91.8,91.3,88,3.61173814898,3.75,3.65135453475,-7.1,-4.2,-3.1,1.3,1.5,1.2
FR,France,2018-04-01,1.8,-7.8,91.1,90.1,87.7,3.40522133939,2.15419501134,4.77897252091,-6.9,-7.1,-4.2,1.7,1.3,1.5
FR,France,2018-05-01,2.3,-8.6,91.8,91.5,88,3.0303030303,3.74149659864,3.1652989449,-7.8,-6.9,-7.1,1.8,1.7,1.3
FR,France,2018-06-01,2.3,-10.5,91.7,91.6,87.7,3.73303167421,3.50282485876,4.1567695962,-8.6,-7.8,-6.9,2.3,1.8,1.7
FR,France,2018-07-01,2.6,-9.8,91.7,92,88.5,2.22965440357,4.19026047565,2.66821345708,-10.5,-8.6,-7.8,2.3,2.3,1.8
FR,France,2018-08-01,2.6,-10.4,91.6,91.6,88.4,3.97275822928,5.16647531573,4.24528301887,-9.8,-10.5,-8.6,2.6,2.3,2.3
FR,France,2018-09-01,2.5,-13.8,91.9,91.9,88.7,0.54704595186,1.88470066519,0.795454545455,-10.4,-9.8,-10.5,2.6,2.6,2.3
FR,France,2018-10-01,2.5,-11.3,92.5,92.5,89.7,4.63800904977,5.23321956769,5.77830188679,-13.8,-10.4,-9.8,2.5,2.6,2.6
FR,France,2018-11-01,2.2,-13.6,92.1,92.4,88.5,0.986842105263,2.66666666667,0.226500566251,-11.3,-13.8,-10.4,2.5,2.5,2.6
FR,France,2018-12-01,1.9,-16.9,91.5,92.4,88.1,0.328947368421,2.66666666667,0.113636363636,-13.6,-11.3,-13.8,2.2,2.5,2.5
FR,France,2019-01-01,1.4,-12.2,92.9,91.9,90.5,2.65193370166,2.33853006682,3.78440366972,-16.9,-13.6,-11.3,1.9,2.2,2.5
FR,France,2019-02-01,1.5,-10.7,93.4,91.8,91.7,2.63736263736,1.21278941566,5.2812858783,-12.2,-16.9,-13.6,1.4,1.9,2.2
FR,France,2019-03-01,1.3,-9.9,93.2,91.5,91.4,1.52505446623,0.219058050383,3.86363636364,-10.7,-12.2,-16.9,1.5,1.4,1.9
FR,France,2019-04-01,1.4,-10.1,93.6,92.9,91.4,2.74423710209,3.1076581576,4.2189281642,-9.9,-10.7,-12.2,1.3,1.5,1.4
FR,France,2019-05-01,1.1,-8.1,93.3,92.1,91.5,1.6339869281,0.655737704918,3.97727272727,-10.1,-9.9,-10.7,1.4,1.3,1.5
FR,France,2019-06-01,1.4,-8.2,93.8,92.4,91.9,2.29007633588,0.873362445415,4.78905359179,-8.1,-10.1,-9.9,1.1,1.4,1.3
FR,France,2019-07-01,1.3,-6.7,93.3,91.8,92,1.74482006543,-0.217391304348,3.95480225989,-8.2,-8.1,-10.1,1.4,1.1,1.4
FR,France,2019-08-01,1.3,-7.5,94.7,92.7,93.8,3.38427947598,1.20087336245,6.10859728507,-6.7,-8.2,-8.1,1.3,1.4,1.1
FR,France,2019-09-01,1.1,-6.2,93.7,92.1,92.7,1.95865070729,0.217627856366,4.50958286359,-7.5,-6.7,-8.2,1.3,1.3,1.4
FR,France,2019-10-01,0.9,-6.6,94.1,92.6,92.7,1.72972972973,0.108108108108,3.34448160535,-6.2,-7.5,-6.7,1.1,1.3,1.3
FR,France,2019-11-01,1.2,-5.8,94.8,92.9,93.4,2.93159609121,0.541125541126,5.53672316384,-6.6,-6.2,-7.5,0.9,1.1,1.3
FR,France,2019-12-01,1.6,-9.6,94.8,93,92.5,3.60655737705,0.649350649351,4.9943246311,-5.8,-6.6,-6.2,1.2,0.9,1.1
FR,France,2020-01-01,1.7,-8.9,95.3,93.4,93.7,2.58342303552,1.63220892274,3.53591160221,-9.6,-5.8,-6.6,1.6,1.2,0.9
FR,France,2020-02-01,1.6,-7.7,94.9,93.7,92.7,1.60599571734,2.0697167756,1.09051254089,-8.9,-9.6,-5.8,1.7,1.6,1.2
FR,France,2020-03-01,0.8,-12.6,79,95.7,65.8,-15.2360515021,4.59016393443,-28.0087527352,-7.7,-8.9,-9.6,1.6,1.7,1.6
FR,France,2020-04-01,0.4,-21.5,64.7,90.3,48.9,-30.8760683761,-2.79870828848,-46.4989059081,-12.6,-7.7,-8.9,0.8,1.6,1.7
FR,France,2020-05-01,0.4,-17.6,88.7,96,86.2,-4.93033226152,4.2345276873,-5.79234972678,-21.5,-12.6,-7.7,0.4,0.8,1.6
FR,France,2020-06-01,0.2,-12.3,96.1,95.3,97.2,2.45202558635,3.13852813853,5.76713819369,-17.6,-21.5,-12.6,0.4,0.4,0.8
FR,France,2020-07-01,0.8,-11.8,94.2,95.4,91.9,0.96463022508,3.92156862745,-0.108695652174,-12.3,-17.6,-21.5,0.2,0.4,0.4
FR,France,2020-08-01,0.2,-12.2,99.5,97.7,99.7,5.06863780359,5.39374325782,6.28997867804,-11.8,-12.3,-17.6,0.8,0.2,0.4
FR,France,2020-09-01,0,-10.9,96.1,95.3,95.7,2.5613660619,3.47448425624,3.23624595469,-12.2,-11.8,-12.3,0.2,0.8,0.2
FR,France,2020-10-01,0.1,-13.4,98.6,99.2,97.6,4.7821466525,7.12742980562,5.28586839266,-10.9,-12.2,-11.8,0,0.2,0.8
FR,France,2020-11-01,0.2,-18,81.8,90.7,75.9,-13.7130801688,-2.36813778256,-18.7366167024,-13.4,-10.9,-12.2,0.1,0,0.2
FR,France,2020-12-01,0,-10.8,102.3,100.3,105,7.91139240506,7.84946236559,13.5135135135,-18,-13.4,-10.9,0.2,0.1,0
FR,France,2021-01-01,0.8,-13.6,97.2,98.3,96.2,1.99370409234,5.24625267666,2.66808964781,-10.8,-18,-13.4,0,0.2,0.1
FR,France,2021-02-01,0.8,-14.4,97.9,98,98,3.1612223393,4.58911419424,5.71736785329,-13.6,-10.8,-18,0.8,0,0.2
FR,France,2021-03-01,1.4,-9.8,98.1,98.6,98,24.1772151899,3.0303030303,48.9361702128,-14.4,-13.6,-10.8,0.8,0.8,0
FR,France,2021-04-01,1.6,-9.5,92.9,102.7,86.6,43.5857805255,13.7320044297,77.0961145194,-9.8,-14.4,-13.6,1.4,0.8,0.8
FR,France,2021-05-01,1.8,-5.2,99,100.9,97.7,11.6121758737,5.10416666667,13.3410672854,-9.5,-9.8,-14.4,1.6,1.4,0.8
FR,France,2021-06-01,1.9,-0.1,101.3,98.1,103.9,5.4110301769,2.93809024134,6.89300411523,-5.2,-9.5,-9.8,1.8,1.6,1.4
FR,France,2021-07-01,1.5,-3.2,101.4,99.2,102.6,7.64331210191,3.98322851153,11.6430903156,-0.1,-5.2,-9.5,1.9,1.8,1.6
FR,France,2021-08-01,2.4,-6.5,101.5,99.8,102.4,2.01005025126,2.1494370522,2.70812437312,-3.2,-0.1,-5.2,1.5,1.9,1.8
FR,France,2021-09-01,2.7,-2.8,101.6,100.1,102.2,5.7232049948,5.03672612802,6.7920585162,-6.5,-3.2,-0.1,2.4,1.5,1.9
FR,France,2021-10-01,3.2,-6.3,102.8,100.5,104.1,4.25963488844,1.31048387097,6.65983606557,-2.8,-6.5,-3.2,2.7,2.4,1.5
FR,France,2021-11-01,3.4,-6.9,102.9,100.8,104.6,25.7946210269,11.1356119074,37.812911726,-6.3,-2.8,-6.5,3.2,2.7,2.4
FR,France,2021-12-01,3.4,-8.5,103.4,103.1,103.8,1.0752688172,2.79162512463,-1.14285714286,-6.9,-6.3,-2.8,3.4,3.2,2.7
FR,France,2022-01-01,3.3,-9.5,102.8,101.1,104.3,5.76131687243,2.8484231943,8.41995841996,-8.5,-6.9,-6.3,3.4,3.4,3.2
FR,France,2022-02-01,4.2,-8.6,103.2,101.6,104.4,5.41368743616,3.67346938776,6.5306122449,-9.5,-8.5,-6.9,3.3,3.4,3.4
FR,France,2022-03-01,5.1,-21.2,103.5,102.3,105.1,5.50458715596,3.75253549696,7.24489795918,-8.6,-9.5,-8.5,4.2,3.3,3.4
FR,France,2022-04-01,5.4,-19,103.9,103,104.5,11.8406889128,0.292112950341,20.6697459584,-21.2,-8.6,-9.5,5.1,4.2,3.3
FR,France,2022-05-01,5.8,-18.8,104.1,101.5,106.2,5.15151515152,0.594648166501,8.70010235415,-19,-21.2,-8.6,5.4,5.1,4.2
FR,France,2022-06-01,6.5,-21.2,103.4,101.8,105.3,2.07305034551,3.77166156983,1.34744947064,-18.8,-19,-21.2,5.8,5.4,5.1
FR,France,2022-07-01,6.8,-21.8,101.7,100.8,102.5,0.295857988166,1.61290322581,-0.0974658869396,-21.2,-18.8,-19,6.5,5.8,5.4
FR,France,2022-08-01,6.6,-18.8,102.8,100.5,105.3,1.28078817734,0.701402805611,2.83203125,-21.8,-21.2,-18.8,6.8,6.5,5.8
FR,France,2022-09-01,6.2,-22.3,104.8,100.3,107.8,3.14960629921,0.1998001998,5.47945205479,-18.8,-21.8,-21.2,6.6,6.8,6.5
FR,France,2022-10-01,7.1,-20.9,103,98.7,105.3,0.194552529183,-1.79104477612,1.15273775216,-22.3,-18.8,-21.8,6.2,6.6,6.8
FR,France,2022-11-01,7.1,-18.8,102,98.2,105.2,-0.874635568513,-2.57936507937,0.57361376673,-20.9,-22.3,-18.8,7.1,6.2,6.6
FR,France,2022-12-01,6.7,-20.6,102.2,97.6,106,-1.16054158607,-5.33462657614,2.11946050096,-18.8,-20.9,-22.3,7.1,7.1,6.2
FR,France,2023-01-01,7,-20.6,101.6,97.8,105.1,-1.1673151751,-3.26409495549,0.767018216683,-20.6,-18.8,-20.9,6.7,7.1,7.1
FR,France,2023-02-01,7.3,-21.5,101.7,97.6,105.7,-1.45348837209,-3.93700787402,1.24521072797,-20.6,-20.6,-18.8,7,6.7,7.1
FR,France,2023-03-01,6.7,-20.6,101.4,96.6,105,-2.02898550725,-5.57184750733,-0.0951474785918,-21.5,-20.6,-20.6,7.3,7,6.7
FR,France,2023-04-01,6.9,-18.7,99.9,95.2,104.8,-3.84985563041,-7.57281553398,0.287081339713,-20.6,-21.5,-20.6,6.7,7.3,7
FR,France,2023-05-01,6,-17,100.9,95.1,106.2,-3.0739673391,-6.30541871921,0,-18.7,-20.6,-21.5,6.9,6.7,7.3
FR,France,2023-06-01,5.3,-14.7,101.5,96.4,106.5,-1.83752417795,-5.30451866405,1.1396011396,-17,-18.7,-20.6,6,6.9,6.7
FR,France,2023-07-01,5.1,-14.2,102.2,96.5,107.6,0.491642084562,-4.26587301587,4.9756097561,-14.7,-17,-18.7,5.3,6,6.9
FR,France,2023-08-01,5.7,-14.8,99.9,95.8,104.9,-2.82101167315,-4.67661691542,-0.379867046534,-14.2,-14.7,-17,5.1,5.3,6
FR,France,2023-09-01,5.7,-15.8,100.9,98,104.3,-3.7213740458,-2.29312063809,-3.24675324675,-14.8,-14.2,-14.7,5.7,5.1,5.3
FR,France,2023-10-01,4.5,-16.7,100.8,96.8,105.1,-2.1359223301,-1.92502532928,-0.189933523267,-15.8,-14.8,-14.2,5.7,5.7,5.1
FR,France,2023-11-01,3.9,-13.5,102,97.2,106.7,0,-1.0183299389,1.42585551331,-16.7,-15.8,-14.8,4.5,5.7,5.7
FR,France,2023-12-01,4.1,-13.5,101.9,96.8,106.4,-0.293542074364,-0.819672131148,0.377358490566,-13.5,-16.7,-15.8,3.9,4.5,5.7
FR,France,2024-01-01,3.4,-11.7,102.2,97.1,106.9,0.590551181102,-0.715746421268,1.71265461465,-13.5,-13.5,-16.7,4.1,3.9,4.5
FR,France,2024-02-01,3.2,-14.7,103.3,97.3,109,1.5732546706,-0.30737704918,3.12204351939,-11.7,-13.5,-13.5,3.4,4.1,3.9
FR,France,2024-03-01,2.4,-13.4,102.5,97.5,107.3,1.08481262327,0.931677018634,2.19047619048,-14.7,-11.7,-13.5,3.2,3.4,4.1
FR,France,2024-04-01,2.4,-15.3,102.7,97.1,107.9,2.8028028028,1.99579831933,2.95801526718,-13.4,-14.7,-11.7,2.4,3.2,3.4
FR,France,2024-05-01,2.6,-13.5,102.6,97.7,107.2,1.68483647175,2.73396424816,0.941619585687,-15.3,-13.4,-14.7,2.4,2.4,3.2
FR,France,2024-06-01,2.5,-14.4,102,96.5,107.2,0.492610837438,0.103734439834,0.657276995305,-13.5,-15.3,-13.4,2.6,2.4,2.4
FR,France,2024-07-01,2.7,-15.4,102.7,97.6,107.5,0.489236790607,1.13989637306,-0.092936802974,-14.4,-13.5,-15.3,2.5,2.6,2.4
FR,France,2024-08-01,2.2,-13,105.3,99,111.1,5.40540540541,3.34029227557,5.91039084843,-15.4,-14.4,-13.5,2.7,2.5,2.6
FR,France,2024-09-01,1.4,-11.6,104.5,97.8,110.7,3.56788899901,-0.204081632653,6.13614573346,-13,-15.4,-14.4,2.2,2.7,2.5
FR,France,2024-10-01,1.6,-12.8,103.9,98.7,108.7,3.0753968254,1.96280991736,3.42530922931,-11.6,-13,-15.4,1.4,2.2,2.7
FR,France,2024-11-01,1.7,-15.3,104.2,99,108.8,2.1568627451,1.85185185185,1.96813495783,-12.8,-11.6,-13,1.6,1.4,2.2
FR,France,2024-12-01,1.8,-17.7,104,99,108.7,2.06084396467,2.27272727273,2.16165413534,-15.3,-12.8,-11.6,1.7,1.6,1.4
FR,France,2025-01-01,1.8,-14.1,104.8,99.2,109.9,2.54403131115,2.16271884655,2.80636108513,-17.7,-15.3,-12.8,1.8,1.7,1.6
FR,France,2025-02-01,0.9,-13.2,105.2,99.2,110.5,1.83930300097,1.95272353546,1.37614678899,-14.1,-17.7,-15.3,1.8,1.8,1.7
FR,France,2025-03-01,0.9,-14.8,105.4,99.4,110.7,2.82926829268,1.94871794872,3.16868592731,-13.2,-14.1,-17.7,0.9,1.8,1.8
FR,France,2025-04-01,0.9,-16.3,106.2,99.6,111.4,3.40798442064,2.57466529351,3.2437442076,-14.8,-13.2,-14.1,0.9,0.9,1.8
FR,France,2025-05-01,0.6,-17.4,106,99.4,111.4,3.31384015595,1.74002047083,3.91791044776,-16.3,-14.8,-13.2,0.9,0.9,0.9
FR,France,2025-06-01,0.9,-17.4,106.1,100.6,110.7,4.01960784314,4.24870466321,3.26492537313,-17.4,-16.3,-14.8,0.6,0.9,0.9
FR,France,2025-07-01,0.9,-16.9,106.1,99.1,112.2,3.3106134372,1.5368852459,4.37209302326,-17.4,-17.4,-16.3,0.9,0.6,0.9
FR,France,2025-08-01,0.8,-18.5,107,100.6,112.6,1.61443494777,1.61616161616,1.3501350135,-16.9,-17.4,-17.4,0.9,0.9,0.6
FR,France,2025-09-01,1.1,-19.3,106.9,100.5,112.5,2.2966507177,2.76073619632,1.62601626016,-18.5,-16.9,-17.4,0.8,0.9,0.9
FR,France,2025-10-01,0.8,-15.5,107.5,100.4,113.9,3.46487006737,1.72239108409,4.78380864765,-19.3,-18.5,-16.9,1.1,0.8,0.9
FR,France,2025-11-01,0.8,-15.8,107.7,100.7,114.1,3.35892514395,1.71717171717,4.87132352941,-15.5,-19.3,-18.5,0.8,1.1,0.8
FR,France,2025-12-01,0.7,-16.3,107.8,101.3,113.7,3.65384615385,2.32323232323,4.59981600736,-15.8,-15.5,-19.3,0.8,0.8,1.1
NL,Netherlands,2015-01-01,-0.7,-3.1,85.8,91.4,79.2,,,,,,,,,
NL,Netherlands,2015-02-01,-0.5,-4.9,86.5,91.7,80.3,,,,-3.1,,,-0.7,,
NL,Netherlands,2015-03-01,-0.3,-0.9,86.2,91.7,79.7,,,,-4.9,-3.1,,-0.5,-0.7,
NL,Netherlands,2015-04-01,0,-1.5,86.3,91.5,80,,,,-0.9,-4.9,-3.1,-0.3,-0.5,-0.7
NL,Netherlands,2015-05-01,0.7,0.1,85.6,91.4,79,,,,-1.5,-0.9,-4.9,0,-0.3,-0.5
NL,Netherlands,2015-06-01,0.5,0.7,87.1,92.6,80.7,,,,0.1,-1.5,-0.9,0.7,0,-0.3
NL,Netherlands,2015-07-01,0.8,0.1,86.1,91.3,79.9,,,,0.7,0.1,-1.5,0.5,0.7,0
NL,Netherlands,2015-08-01,0.4,1.3,86.6,92,80,,,,0.1,0.7,0.1,0.8,0.5,0.7
NL,Netherlands,2015-09-01,0.3,0.1,86.4,91.5,80.3,,,,1.3,0.1,0.7,0.4,0.8,0.5
NL,Netherlands,2015-10-01,0.4,-2.2,86.1,91.2,79.9,,,,0.1,1.3,0.1,0.3,0.4,0.8
NL,Netherlands,2015-11-01,0.4,-0.5,85.5,91.5,78.6,,,,-2.2,0.1,1.3,0.4,0.3,0.4
NL,Netherlands,2015-12-01,0.5,-1.7,87,91.3,81.5,,,,-0.5,-2.2,0.1,0.4,0.4,0.3
NL,Netherlands,2016-01-01,0.2,0.1,86.1,91.9,79.5,0.34965034965,0.54704595186,0.378787878788,-1.7,-0.5,-2.2,0.5,0.4,0.4
NL,Netherlands,2016-02-01,0.3,-4.3,87.2,90.9,82,0.809248554913,-0.872410032715,2.11706102117,0.1,-1.7,-0.5,0.2,0.5,0.4
NL,Netherlands,2016-03-01,0.5,-5.4,86.5,91.6,80.3,0.348027842227,-0.109051254089,0.752823086575,-4.3,0.1,-1.7,0.3,0.2,0.5
NL,Netherlands,2016-04-01,-0.2,-2.9,86.2,91.3,80,-0.115874855156,-0.218579234973,0,-5.4,-4.3,0.1,0.5,0.3,0.2
NL,Netherlands,2016-05-01,-0.2,-2.9,87.8,93.2,81.4,2.57009345794,1.9693654267,3.03797468354,-2.9,-5.4,-4.3,-0.2,0.5,0.3
NL,Netherlands,2016-06-01,-0.2,-0.1,87.5,92.1,81.8,0.459242250287,-0.539956803456,1.36307311029,-2.9,-2.9,-5.4,-0.2,-0.2,0.5
NL,Netherlands,2016-07-01,-0.6,-3.1,88,92.5,82,2.20673635308,1.3143483023,2.6282853567,-0.1,-2.9,-2.9,-0.2,-0.2,-0.2
NL,Netherlands,2016-08-01,0.1,-3.1,87.5,92.8,81.3,1.03926096998,0.869565217391,1.625,-3.1,-0.1,-2.9,-0.6,-0.2,-0.2
NL,Netherlands,2016-09-01,-0.1,-0.7,86.8,93,79.8,0.462962962963,1.6393442623,-0.622665006227,-3.1,-3.1,-0.1,0.1,-0.6,-0.2
NL,Netherlands,2016-10-01,0.3,1.6,90,93.3,85.5,4.52961672474,2.30263157895,7.00876095119,-0.7,-3.1,-3.1,-0.1,0.1,-0.6
NL,Netherlands,2016-11-01,0.4,1.5,88.8,92.8,83.5,3.85964912281,1.42076502732,6.23409669211,1.6,-0.7,-3.1,0.3,-0.1,0.1
NL,Netherlands,2016-12-01,0.8,1,88.5,92.2,83.4,1.72413793103,0.985761226725,2.33128834356,1.5,1.6,-0.7,0.4,0.3,-0.1
NL,Netherlands,2017-01-01,1.6,3.6,89.2,93.3,83.8,3.60046457607,1.52339499456,5.40880503145,1,1.5,1.6,0.8,0.4,0.3
NL,Netherlands,2017-02-01,1.7,3.4,88.4,92.8,83,1.37614678899,2.0902090209,1.21951219512,3.6,1,1.5,1.6,0.8,0.4
NL,Netherlands,2017-03-01,0.6,4.1,89.8,92.3,85.5,3.81502890173,0.764192139738,6.47571606476,3.4,3.6,1,1.7,1.6,0.8
NL,Netherlands,2017-04-01,1.4,5.5,89.6,93.4,84.6,3.94431554524,2.30010952903,5.75,4.1,3.4,3.6,0.6,1.7,1.6
NL,Netherlands,2017-05-01,0.7,1.9,90.6,93.6,86.1,3.18906605923,0.429184549356,5.77395577396,5.5,4.1,3.4,1.4,0.6,1.7
NL,Netherlands,2017-06-01,1,3.3,90.6,93.4,86.1,3.54285714286,1.4115092291,5.25672371638,1.9,5.5,4.1,0.7,1.4,0.6
NL,Netherlands,2017-07-01,1.5,5.1,90.9,93.1,86.9,3.29545454545,0.648648648649,5.9756097561,3.3,1.9,5.5,1,0.7,1.4
NL,Netherlands,2017-08-01,1.5,5.1,90.1,92.3,86.3,2.97142857143,-0.538793103448,6.15006150062,5.1,3.3,1.9,1.5,1,0.7
NL,Netherlands,2017-09-01,1.4,2.7,90.5,92.4,86.7,4.26267281106,-0.645161290323,8.64661654135,5.1,5.1,3.3,1.5,1.5,1
NL,Netherlands,2017-10-01,1.3,4.7,90.9,94,86.2,1,0.75026795284,0.818713450292,2.7,5.1,5.1,1.4,1.5,1.5
NL,Netherlands,2017-11-01,1.5,2.3,92,93.5,88.5,3.6036036036,0.754310344828,5.9880239521,4.7,2.7,5.1,1.3,1.4,1.5
NL,Netherlands,2017-12-01,1.2,3.1,90.9,94.1,86.3,2.71186440678,2.06073752711,3.47721822542,2.3,4.7,2.7,1.5,1.3,1.4
NL,Netherlands,2018-01-01,1.5,5,92,93.2,88.4,3.13901345291,-0.10718113612,5.4892601432,3.1,2.3,4.7,1.2,1.5,1.3
NL,Netherlands,2018-02-01,1.2,2.1,91,94.1,86.1,2.94117647059,1.40086206897,3.73493975904,5,3.1,2.3,1.5,1.2,1.5
NL,Netherlands,2018-03-01,1,3.7,91.8,93.3,87.9,2.2271714922,1.08342361863,2.80701754386,2.1,5,3.1,1.2,1.5,1.2
NL,Netherlands,2018-04-01,1,4.2,93.6,96.1,89.6,4.46428571429,2.89079229122,5.91016548463,3.7,2.1,5,1,1.2,1.5
NL,Netherlands,2018-05-01,1.9,1.9,93.3,96.1,89,2.98013245033,2.67094017094,3.36817653891,4.2,3.7,2.1,1,1,1.2
NL,Netherlands,2018-06-01,1.7,3.1,93,95.8,88.5,2.64900662252,2.56959314775,2.78745644599,1.9,4.2,3.7,1.9,1,1
NL,Netherlands,2018-07-01,1.9,4.2,93.6,97,88.5,2.9702970297,4.18904403867,1.84119677791,3.1,1.9,4.2,1.7,1.9,1
NL,Netherlands,2018-08-01,1.9,1.7,93,94.7,89.4,3.21864594895,2.60021668472,3.59212050985,4.2,3.1,1.9,1.9,1.7,1.9
NL,Netherlands,2018-09-01,1.6,1.1,92.9,95.5,88.5,2.65193370166,3.35497835498,2.07612456747,1.7,4.2,3.1,1.9,1.9,1.7
NL,Netherlands,2018-10-01,1.9,-1.7,93.6,95.7,89.4,2.9702970297,1.8085106383,3.71229698376,1.1,1.7,4.2,1.6,1.9,1.9
NL,Netherlands,2018-11-01,1.8,-2.9,94.3,94.8,91.1,2.5,1.39037433155,2.93785310734,-1.7,1.1,1.7,1.9,1.6,1.9
NL,Netherlands,2018-12-01,1.8,-5.4,93,96.6,87.8,2.3102310231,2.65674814028,1.73812282735,-2.9,-1.7,1.1,1.8,1.9,1.6
NL,Netherlands,2019-01-01,2,-7.8,93.3,94.9,89.5,1.41304347826,1.82403433476,1.2443438914,-5.4,-2.9,-1.7,1.8,1.8,1.9
NL,Netherlands,2019-02-01,2.6,-7.3,94.1,94.7,91,3.40659340659,0.637619553666,5.69105691057,-7.8,-5.4,-2.9,2,1.8,1.8
NL,Netherlands,2019-03-01,2.9,-8.6,94.4,95.7,91.1,2.83224400871,2.57234726688,3.64050056883,-7.3,-7.8,-5.4,2.6,2,1.8
NL,Netherlands,2019-04-01,3,-6.7,95.2,95.4,92.4,1.7094017094,-0.728407908429,3.125,-8.6,-7.3,-7.8,2.9,2.6,2
NL,Netherlands,2019-05-01,2.3,-7.7,95,94.9,92.7,1.82207931404,-1.24869927159,4.15730337079,-6.7,-8.6,-7.3,3,2.9,2.6
NL,Netherlands,2019-06-01,2.7,-5.2,95,95.6,92.4,2.15053763441,-0.208768267223,4.40677966102,-7.7,-6.7,-8.6,2.3,3,2.9
NL,Netherlands,2019-07-01,2.6,-5.1,94.9,96.4,91.5,1.38888888889,-0.618556701031,3.38983050847,-5.2,-7.7,-6.7,2.7,2.3,3
NL,Netherlands,2019-08-01,3.1,-6.6,94.2,95.2,91.2,1.29032258065,0.527983104541,2.01342281879,-5.1,-5.2,-7.7,2.6,2.7,2.3
NL,Netherlands,2019-09-01,2.7,-7.7,95.2,95.2,92.9,2.47578040904,-0.314136125654,4.97175141243,-6.6,-5.1,-5.2,3.1,2.6,2.7
NL,Netherlands,2019-10-01,2.8,-6.2,95.3,95.6,92.9,1.81623931624,-0.104493207941,3.91498881432,-7.7,-6.6,-5.1,2.7,3.1,2.6
NL,Netherlands,2019-11-01,2.5,-7.2,95.5,95.2,93.5,1.27253446448,0.42194092827,2.634467618,-6.2,-7.7,-6.6,2.8,2.7,3.1
NL,Netherlands,2019-12-01,2.8,-7.7,96.4,96.6,94.1,3.65591397849,0,7.17539863326,-7.2,-6.2,-7.7,2.5,2.8,2.7
NL,Netherlands,2020-01-01,1.7,-7.7,95.4,95.1,92.9,2.25080385852,0.210748155954,3.79888268156,-7.7,-7.2,-6.2,2.8,2.5,2.8
NL,Netherlands,2020-02-01,1.3,-5.3,97.1,96.2,95.7,3.18809776833,1.58394931362,5.16483516484,-7.7,-7.7,-7.2,1.7,2.8,2.5
NL,Netherlands,2020-03-01,1.1,-8.5,94.1,104.4,87.6,-0.31779661017,9.09090909091,-3.84193194292,-5.3,-7.7,-7.7,1.3,1.7,2.8
NL,Netherlands,2020-04-01,1,-24.8,89.8,97.4,86,-5.67226890756,2.0964360587,-6.92640692641,-8.5,-5.3,-7.7,1.1,1.3,1.7
NL,Netherlands,2020-05-01,1.1,-20.3,98.6,101.4,97.5,3.78947368421,6.84931506849,5.17799352751,-24.8,-8.5,-5.3,1,1.1,1.3
NL,Netherlands,2020-06-01,1.7,-14.8,100.3,98.3,101.3,5.57894736842,2.82426778243,9.63203463203,-20.3,-24.8,-8.5,1.1,1,1.1
NL,Netherlands,2020-07-01,1.6,-13.2,100.2,98.9,100.2,5.58482613277,2.59336099585,9.50819672131,-14.8,-20.3,-24.8,1.7,1.1,1
NL,Netherlands,2020-08-01,0.3,-13.6,101.5,100.7,101.1,7.74946921444,5.77731092437,10.8552631579,-13.2,-14.8,-20.3,1.6,1.7,1.1
NL,Netherlands,2020-09-01,1,-12.9,99.4,98.4,99.6,4.41176470588,3.36134453782,7.21205597417,-13.6,-13.2,-14.8,0.3,1.6,1.7
NL,Netherlands,2020-10-01,1.1,-15.9,98.5,99.5,98.3,3.35781741868,4.07949790795,5.81270182992,-12.9,-13.6,-13.2,1,0.3,1.6
NL,Netherlands,2020-11-01,0.7,-11,101.9,100,103.4,6.70157068063,5.04201680672,10.5882352941,-15.9,-12.9,-13.6,1.1,1,0.3
NL,Netherlands,2020-12-01,0.9,-6.7,91.4,104.6,82.6,-5.1867219917,8.28157349896,-12.2210414453,-11,-15.9,-12.9,0.7,1.1,1
NL,Netherlands,2021-01-01,1.6,-5.5,86.8,102.1,76.5,-9.01467505241,7.36067297581,-17.6533907427,-6.7,-11,-15.9,0.9,0.7,1.1
NL,Netherlands,2021-02-01,1.9,-6.8,91.4,104,83.6,-5.87023686921,8.10810810811,-12.6436781609,-5.5,-6.7,-11,1.6,0.9,0.7
NL,Netherlands,2021-03-01,1.9,-3.1,98,102.7,95.5,4.14452709883,-1.62835249042,9.01826484018,-6.8,-5.5,-6.7,1.9,1.6,0.9
NL,Netherlands,2021-04-01,1.7,-0.5,99.5,102.3,98,10.8017817372,5.03080082136,13.9534883721,-3.1,-6.8,-5.5,1.9,1.9,1.6
NL,Netherlands,2021-05-01,2,1.6,105.5,100.6,109,6.99797160243,-0.788954635108,11.7948717949,-0.5,-3.1,-6.8,1.7,1.9,1.9
NL,Netherlands,2021-06-01,1.7,7.1,105,99.4,108.8,4.68594217348,1.11902339776,7.40375123396,1.6,-0.5,-3.1,2,1.7,1.9
NL,Netherlands,2021-07-01,1.4,0.3,103.4,98.3,106.2,3.19361277445,-0.606673407482,5.9880239521,7.1,1.6,-0.5,1.7,2,1.7
NL,Netherlands,2021-08-01,2.7,-1.4,103.7,97.5,107.4,2.16748768473,-3.17775571003,6.23145400593,0.3,7.1,1.6,1.4,1.7,2
NL,Netherlands,2021-09-01,3,-0.3,103.6,98.1,106.8,4.22535211268,-0.30487804878,7.22891566265,-1.4,0.3,7.1,2.7,1.4,1.7
NL,Netherlands,2021-10-01,3.7,-7.5,103.6,97.4,107.5,5.17766497462,-2.11055276382,9.35910478128,-0.3,-1.4,0.3,3,2.7,1.4
NL,Netherlands,2021-11-01,5.9,-14.3,102.7,98.5,105.8,0.785083415113,-1.5,2.32108317215,-7.5,-0.3,-1.4,3.7,3,2.7
NL,Netherlands,2021-12-01,6.4,-12.5,96.7,99,94.8,5.79868708972,-5.35372848948,14.7699757869,-14.3,-7.5,-0.3,5.9,3.7,3
NL,Netherlands,2022-01-01,7.6,-10.9,97.9,99,97.2,12.7880184332,-3.03623898139,27.0588235294,-12.5,-14.3,-7.5,6.4,5.9,3.7
NL,Netherlands,2022-02-01,7.3,-14.8,101.7,97,104.6,11.2691466083,-6.73076923077,25.1196172249,-10.9,-12.5,-14.3,7.6,6.4,5.9
NL,Netherlands,2022-03-01,11.7,-23.5,102,96.4,105.9,4.08163265306,-6.13437195716,10.890052356,-14.8,-10.9,-12.5,7.3,7.6,6.4
NL,Netherlands,2022-04-01,11.2,-26.5,102.8,96.2,106.1,3.31658291457,-5.96285434995,8.26530612245,-23.5,-14.8,-10.9,11.7,7.3,7.6
NL,Netherlands,2022-05-01,10.2,-22.1,102,95.1,105.8,-3.31753554502,-5.46719681909,-2.93577981651,-26.5,-23.5,-14.8,11.2,11.7,7.3
NL,Netherlands,2022-06-01,9.9,-27.5,100.1,94.7,103.6,-4.66666666667,-4.72837022133,-4.77941176471,-22.1,-26.5,-23.5,10.2,11.2,11.7
NL,Netherlands,2022-07-01,11.6,-26.2,102,95.3,105.7,-1.35396518375,-3.0518819939,-0.470809792844,-27.5,-22.1,-26.5,9.9,10.2,11.2
NL,Netherlands,2022-08-01,13.7,-28.4,100.2,94.4,103.3,-3.37512054002,-3.17948717949,-3.81750465549,-26.2,-27.5,-22.1,11.6,9.9,10.2
NL,Netherlands,2022-09-01,17.1,-35.9,101.6,94.3,104.9,-1.9305019305,-3.87359836901,-1.77902621723,-28.4,-26.2,-27.5,13.7,11.6,9.9
NL,Netherlands,2022-10-01,16.8,-33.5,100.1,93.7,102.6,-3.37837837838,-3.79876796715,-4.55813953488,-35.9,-28.4,-26.2,17.1,13.7,11.6
NL,Netherlands,2022-11-01,11.3,-30.5,101.2,93.5,104.6,-1.4605647517,-5.07614213198,-1.13421550095,-33.5,-35.9,-28.4,16.8,17.1,13.7
NL,Netherlands,2022-12-01,11,-25.5,98.9,90.8,101.6,2.27507755946,-8.28282828283,7.17299578059,-30.5,-33.5,-35.9,11.3,16.8,17.1
NL,Netherlands,2023-01-01,8.4,-23.4,100.2,92.6,103.3,2.3493360572,-6.46464646465,6.27572016461,-25.5,-30.5,-33.5,11,11.3,16.8
NL,Netherlands,2023-02-01,8.9,-18.4,99.4,92.7,101.8,-2.26155358899,-4.43298969072,-2.67686424474,-23.4,-25.5,-30.5,8.4,11,11.3
NL,Netherlands,2023-03-01,4.5,-17.6,97.9,91.8,100,-4.01960784314,-4.77178423237,-5.57129367328,-18.4,-23.4,-25.5,8.9,8.4,11
NL,Netherlands,2023-04-01,5.8,-16.7,98.6,92.4,101,-4.08560311284,-3.9501039501,-4.8067860509,-17.6,-18.4,-23.4,4.5,8.9,8.4
NL,Netherlands,2023-05-01,6.8,-19.1,98.2,92.2,100.1,-3.72549019608,-3.04942166141,-5.38752362949,-16.7,-17.6,-18.4,5.8,4.5,8.9
NL,Netherlands,2023-06-01,6.4,-18.5,100.3,93,102.8,0.1998001998,-1.79514255544,-0.772200772201,-19.1,-16.7,-17.6,6.8,5.8,4.5
NL,Netherlands,2023-07-01,5.3,-18.4,98.2,91.9,102.6,-3.72549019608,-3.56768100735,-2.93282876064,-18.5,-19.1,-16.7,6.4,6.8,5.8
NL,Netherlands,2023-08-01,3.4,-16.4,98.8,92,102.8,-1.39720558882,-2.54237288136,-0.484027105518,-18.4,-18.5,-19.1,5.3,6.4,6.8
NL,Netherlands,2023-09-01,-0.3,-17.8,99.5,92.6,103.7,-2.06692913386,-1.80275715801,-1.14394661582,-16.4,-18.4,-18.5,3.4,5.3,6.4
NL,Netherlands,2023-10-01,-1,-18.8,99.6,93,103.5,-0.499500499501,-0.747065101387,0.877192982456,-17.8,-16.4,-18.4,-0.3,3.4,5.3
NL,Netherlands,2023-11-01,1.4,-15.5,100.4,92.5,104.5,-0.790513833992,-1.06951871658,-0.0956022944551,-18.8,-17.8,-16.4,-1,-0.3,3.4
NL,Netherlands,2023-12-01,1,-12,99.9,91.3,103.8,1.0111223458,0.550660792952,2.16535433071,-15.5,-18.8,-17.8,1.4,-1,-0.3
NL,Netherlands,2024-01-01,3.1,-12.9,100.5,90.6,105.5,0.299401197605,-2.15982721382,2.12971926428,-12,-15.5,-18.8,1,1.4,-1
NL,Netherlands,2024-02-01,2.7,-11.8,101.7,91.4,107.3,2.3138832998,-1.40237324703,5.40275049116,-12.9,-12,-15.5,3.1,1,1.4
NL,Netherlands,2024-03-01,3.1,-10.2,100.6,90.5,106.2,2.75791624106,-1.41612200436,6.2,-11.8,-12.9,-12,2.7,3.1,1
NL,Netherlands,2024-04-01,2.6,-11.3,100,90,105.7,1.41987829615,-2.5974025974,4.65346534653,-10.2,-11.8,-12.9,3.1,2.7,3.1
NL,Netherlands,2024-05-01,2.7,-10.8,100.5,90,106.6,2.34215885947,-2.38611713666,6.49350649351,-11.3,-10.2,-11.8,2.6,3.1,2.7
NL,Netherlands,2024-06-01,3.4,-11.5,99.1,88.9,105.5,-1.1964107677,-4.40860215054,2.62645914397,-10.8,-11.3,-10.2,2.7,2.6,3.1
NL,Netherlands,2024-07-01,3.5,-10.7,99.7,88.6,106.7,1.52749490835,-3.59085963003,3.99610136452,-11.5,-10.8,-11.3,3.4,2.7,2.6
NL,Netherlands,2024-08-01,3.3,-10,100.6,88.2,107.9,1.82186234818,-4.13043478261,4.96108949416,-10.7,-11.5,-10.8,3.5,3.4,2.7
NL,Netherlands,2024-09-01,3.3,-7.7,100.5,88.2,107.9,1.00502512563,-4.75161987041,4.05014464802,-10,-10.7,-11.5,3.3,3.5,3.4
NL,Netherlands,2024-10-01,3.3,-12.4,100.2,88.3,107.6,0.602409638554,-5.05376344086,3.961352657,-7.7,-10,-10.7,3.3,3.3,3.5
NL,Netherlands,2024-11-01,3.8,-14.2,100.1,87.4,107.6,-0.298804780877,-5.51351351351,2.96650717703,-12.4,-7.7,-10,3.3,3.3,3.3
NL,Netherlands,2024-12-01,3.9,-13.2,100.5,85.8,108.6,0.600600600601,-6.02409638554,4.62427745665,-14.2,-12.4,-7.7,3.8,3.3,3.3
NL,Netherlands,2025-01-01,3,-14,102,90.4,108.9,1.49253731343,-0.220750551876,3.22274881517,-13.2,-14.2,-12.4,3.9,3.8,3.3
NL,Netherlands,2025-02-01,3.5,-16.8,101.1,88.2,109,-0.589970501475,-3.5010940919,1.58434296365,-14,-13.2,-14.2,3,3.9,3.8
NL,Netherlands,2025-03-01,3.4,-17.4,101.4,88.5,109.6,0.795228628231,-2.20994475138,3.20150659134,-16.8,-14,-13.2,3.5,3,3.9
NL,Netherlands,2025-04-01,4.1,-19.1,100.9,87.9,109.2,0.9,-2.33333333333,3.31125827815,-17.4,-16.8,-14,3.4,3.5,3
NL,Netherlands,2025-05-01,2.9,-17,100.8,87.6,109.1,0.298507462687,-2.66666666667,2.34521575985,-19.1,-17.4,-16.8,4.1,3.4,3.5
NL,Netherlands,2025-06-01,2.7,-15.6,101.3,88.3,109.7,2.21997981837,-0.674915635546,3.98104265403,-17,-19.1,-17.4,2.9,4.1,3.4
NL,Netherlands,2025-07-01,2.6,-13.8,101.7,87.9,110.9,2.00601805416,-0.79006772009,3.93626991565,-15.6,-17,-19.1,2.7,2.9,4.1
NL,Netherlands,2025-08-01,2.4,-14,101.7,88.4,110.5,1.09343936382,0.226757369615,2.40963855422,-13.8,-15.6,-17,2.6,2.7,2.9
NL,Netherlands,2025-09-01,3,-13.9,101.5,88.4,110.2,0.995024875622,0.226757369615,2.13160333642,-14,-13.8,-15.6,2.4,2.6,2.7
NL,Netherlands,2025-10-01,3,-12.9,101.6,87.9,110.8,1.39720558882,-0.453001132503,2.97397769517,-13.9,-14,-13.8,3,2.4,2.6
NL,Netherlands,2025-11-01,2.6,-9.3,102.2,88.5,111.4,2.0979020979,1.2585812357,3.53159851301,-12.9,-13.9,-14,3,3,2.4
NL,Netherlands,2025-12-01,2.7,-10.4,101.4,88,110.2,0.89552238806,2.5641025641,1.47329650092,-9.3,-12.9,-13.9,2.6,3,3
