country_code,country,date,inflation_yoy,consumer_confidence,retail_category,retail_growth_yoy
DE,Germany,2015-01-01,-0.5,-0.5,Total,
DE,Germany,2015-01-01,-0.5,-0.5,Food,
DE,Germany,2015-01-01,-0.5,-0.5,Non-food,
DE,Germany,2015-02-01,-0.1,-0.1,Total,
DE,Germany,2015-02-01,-0.1,-0.1,Food,
DE,Germany,2015-02-01,-0.1,-0.1,Non-food,
DE,Germany,2015-03-01,0.2,0.5,Total,
DE,Germany,2015-03-01,0.2,0.5,Food,
DE,Germany,2015-03-01,0.2,0.5,Non-food,
DE,Germany,2015-04-01,1.1,0.7,Total,
DE,Germany,2015-04-01,1.1,0.7,Food,
DE,Germany,2015-04-01,1.1,0.7,Non-food,
DE,Germany,2015-05-01,1.6,0.1,Total,
DE,Germany,2015-05-01,1.6,0.1,Food,
DE,Germany,2015-05-01,1.6,0.1,Non-food,
DE,Germany,2015-06-01,1.2,-0.2,Total,
DE,Germany,2015-06-01,1.2,-0.2,Food,
DE,Germany,2015-06-01,1.2,-0.2,Non-food,
DE,Germany,2015-07-01,1.2,-0.6,Total,
DE,Germany,2015-07-01,1.2,-0.6,Food,
DE,Germany,2015-07-01,1.2,-0.6,Non-food,
DE,Germany,2015-08-01,1.2,-1.0,Total,
DE,Germany,2015-08-01,1.2,-1.0,Food,
DE,Germany,2015-08-01,1.2,-1.0,Non-food,
DE,Germany,2015-09-01,0.9,-2.1,Total,
DE,Germany,2015-09-01,0.9,-2.1,Food,
DE,Germany,2015-09-01,0.9,-2.1,Non-food,
DE,Germany,2015-10-01,1.2,-3.2,Total,
DE,Germany,2015-10-01,1.2,-3.2,Food,
DE,Germany,2015-10-01,1.2,-3.2,Non-food,
DE,Germany,2015-11-01,0.2,-3.2,Total,
DE,Germany,2015-11-01,0.2,-3.2,Food,
DE,Germany,2015-11-01,0.2,-3.2,Non-food,
DE,Germany,2015-12-01,0.2,-1.8,Total,
DE,Germany,2015-12-01,0.2,-1.8,Food,
DE,Germany,2015-12-01,0.2,-1.8,Non-food,
DE,Germany,2016-01-01,0.4,-2.2,Total,3.80952380952
DE,Germany,2016-01-01,0.4,-2.2,Food,1.21278941566
DE,Germany,2016-01-01,0.4,-2.2,Non-food,5.94184576485
DE,Germany,2016-02-01,-0.1,-2.2,Total,3.69047619048
DE,Germany,2016-02-01,-0.1,-2.2,Food,1.89732142857
DE,Germany,2016-02-01,-0.1,-2.2,Non-food,5.0
DE,Germany,2016-03-01,0.1,-2.6,Total,2.86054827175
DE,Germany,2016-03-01,0.1,-2.6,Food,0.559284116331
DE,Germany,2016-03-01,0.1,-2.6,Non-food,4.3695380774
DE,Germany,2016-04-01,-0.3,-1.7,Total,2.02622169249
DE,Germany,2016-04-01,-0.3,-1.7,Food,-1.32596685083
DE,Germany,2016-04-01,-0.3,-1.7,Non-food,4.15617128463
DE,Germany,2016-05-01,-0.1,-2.0,Total,0.932400932401
DE,Germany,2016-05-01,-0.1,-2.0,Food,-0.876232201533
DE,Germany,2016-05-01,-0.1,-2.0,Non-food,2.07317073171
DE,Germany,2016-06-01,0.1,-1.1,Total,1.40845070423
DE,Germany,2016-06-01,0.1,-1.1,Food,1.22905027933
DE,Germany,2016-06-01,0.1,-1.1,Non-food,1.4598540146
DE,Germany,2016-07-01,0.4,-1.5,Total,1.27610208817
DE,Germany,2016-07-01,0.4,-1.5,Food,1.6592920354
DE,Germany,2016-07-01,0.4,-1.5,Non-food,0.83932853717
DE,Germany,2016-08-01,0.3,-1.2,Total,1.62037037037
DE,Germany,2016-08-01,0.3,-1.2,Food,-0.540540540541
DE,Germany,2016-08-01,0.3,-1.2,Non-food,3.41047503045
DE,Germany,2016-09-01,0.5,-1.5,Total,1.04529616725
DE,Germany,2016-09-01,0.5,-1.5,Food,2.1017699115
DE,Germany,2016-09-01,0.5,-1.5,Non-food,0.120336943442
DE,Germany,2016-10-01,0.7,-1.7,Total,3.71660859466
DE,Germany,2016-10-01,0.7,-1.7,Food,2.21238938053
DE,Germany,2016-10-01,0.7,-1.7,Non-food,4.93381468111
DE,Germany,2016-11-01,0.7,-0.9,Total,1.15740740741
DE,Germany,2016-11-01,0.7,-0.9,Food,-0.109769484083
DE,Germany,2016-11-01,0.7,-0.9,Non-food,2.16606498195
DE,Germany,2016-12-01,1.6,-0.3,Total,1.6
DE,Germany,2016-12-01,1.6,-0.3,Food,-1.40997830803
DE,Germany,2016-12-01,1.6,-0.3,Non-food,3.92390011891
DE,Germany,2017-01-01,1.8,-0.1,Total,0.802752293578
DE,Germany,2017-01-01,1.8,-0.1,Food,-0.980392156863
DE,Germany,2017-01-01,1.8,-0.1,Non-food,2.26730310263
DE,Germany,2017-02-01,2.1,-1.4,Total,2.06659012629
DE,Germany,2017-02-01,2.1,-1.4,Food,0.219058050383
DE,Germany,2017-02-01,2.1,-1.4,Non-food,3.57142857143
DE,Germany,2017-03-01,1.5,-0.4,Total,4.5191193511
DE,Germany,2017-03-01,1.5,-0.4,Food,3.00333704116
DE,Germany,2017-03-01,1.5,-0.4,Non-food,5.62200956938
DE,Germany,2017-04-01,2.0,0.4,Total,4.78971962617
DE,Germany,2017-04-01,2.0,0.4,Food,5.15117581187
DE,Germany,2017-04-01,2.0,0.4,Non-food,4.9576783555
DE,Germany,2017-05-01,1.4,1.3,Total,4.27251732102
DE,Germany,2017-05-01,1.4,1.3,Food,2.20994475138
DE,Germany,2017-05-01,1.4,1.3,Non-food,5.97371565114
DE,Germany,2017-06-01,1.7,2.0,Total,4.86111111111
DE,Germany,2017-06-01,1.7,2.0,Food,2.3178807947
DE,Germany,2017-06-01,1.7,2.0,Non-food,6.8345323741
DE,Germany,2017-07-01,1.7,2.0,Total,3.43642611684
DE,Germany,2017-07-01,1.7,2.0,Food,1.74102285092
DE,Germany,2017-07-01,1.7,2.0,Non-food,4.51843043995
DE,Germany,2017-08-01,1.9,1.4,Total,2.61958997722
DE,Germany,2017-08-01,1.9,1.4,Food,1.08695652174
DE,Germany,2017-08-01,1.9,1.4,Non-food,3.7691401649
DE,Germany,2017-09-01,1.9,1.3,Total,5.28735632184
DE,Germany,2017-09-01,1.9,1.3,Food,2.92524377031
DE,Germany,2017-09-01,1.9,1.3,Non-food,7.33173076923
DE,Germany,2017-10-01,1.5,1.6,Total,0.447928331467
DE,Germany,2017-10-01,1.5,1.6,Food,0.108225108225
DE,Germany,2017-10-01,1.5,1.6,Non-food,0.688073394495
DE,Germany,2017-11-01,1.8,1.5,Total,4.11899313501
DE,Germany,2017-11-01,1.8,1.5,Food,2.96703296703
DE,Germany,2017-11-01,1.8,1.5,Non-food,4.94699646643
DE,Germany,2017-12-01,1.5,1.4,Total,3.14960629921
DE,Germany,2017-12-01,1.5,1.4,Food,3.300330033
DE,Germany,2017-12-01,1.5,1.4,Non-food,3.20366132723
DE,Germany,2018-01-01,1.4,2.3,Total,2.8441410694
DE,Germany,2018-01-01,1.4,2.3,Food,2.3102310231
DE,Germany,2018-01-01,1.4,2.3,Non-food,3.15052508751
DE,Germany,2018-02-01,1.2,2.3,Total,1.68728908886
DE,Germany,2018-02-01,1.2,2.3,Food,2.18579234973
DE,Germany,2018-02-01,1.2,2.3,Non-food,1.26436781609
DE,Germany,2018-03-01,1.7,1.6,Total,-0.332594235033
DE,Germany,2018-03-01,1.7,1.6,Food,0.755939524838
DE,Germany,2018-03-01,1.7,1.6,Non-food,-1.01925254813
DE,Germany,2018-04-01,1.3,1.4,Total,4.57079152731
DE,Germany,2018-04-01,1.3,1.4,Food,1.59744408946
DE,Germany,2018-04-01,1.3,1.4,Non-food,6.5668202765
DE,Germany,2018-05-01,2.4,1.1,Total,1.77187153931
DE,Germany,2018-05-01,2.4,1.1,Food,2.81081081081
DE,Germany,2018-05-01,2.4,1.1,Non-food,0.901916572717
DE,Germany,2018-06-01,2.0,1.4,Total,1.65562913907
DE,Germany,2018-06-01,2.0,1.4,Food,3.12837108954
DE,Germany,2018-06-01,2.0,1.4,Non-food,0.561167227834
DE,Germany,2018-07-01,2.2,0.2,Total,1.66112956811
DE,Germany,2018-07-01,2.2,0.2,Food,0.855614973262
DE,Germany,2018-07-01,2.2,0.2,Non-food,2.38907849829
DE,Germany,2018-08-01,2.1,0.6,Total,2.10876803552
DE,Germany,2018-08-01,2.1,0.6,Food,1.72043010753
DE,Germany,2018-08-01,2.1,0.6,Non-food,2.27014755959
DE,Germany,2018-09-01,2.2,0.2,Total,0.327510917031
DE,Germany,2018-09-01,2.2,0.2,Food,0.315789473684
DE,Germany,2018-09-01,2.2,0.2,Non-food,0.3359462486
DE,Germany,2018-10-01,2.6,-0.1,Total,2.89855072464
DE,Germany,2018-10-01,2.6,-0.1,Food,2.91891891892
DE,Germany,2018-10-01,2.6,-0.1,Non-food,2.61958997722
DE,Germany,2018-11-01,2.1,0.0,Total,1.53846153846
DE,Germany,2018-11-01,2.1,0.0,Food,0.0
DE,Germany,2018-11-01,2.1,0.0,Non-food,2.46913580247
DE,Germany,2018-12-01,1.6,-0.8,Total,0.436205016358
DE,Germany,2018-12-01,1.6,-0.8,Food,1.70394036209
DE,Germany,2018-12-01,1.6,-0.8,Non-food,-0.665188470067
DE,Germany,2019-01-01,1.7,0.0,Total,4.31415929204
DE,Germany,2019-01-01,1.7,0.0,Food,2.90322580645
DE,Germany,2019-01-01,1.7,0.0,Non-food,5.31674208145
DE,Germany,2019-02-01,1.7,-0.3,Total,5.30973451327
DE,Germany,2019-02-01,1.7,-0.3,Food,2.35294117647
DE,Germany,2019-02-01,1.7,-0.3,Non-food,7.26447219069
DE,Germany,2019-03-01,1.4,-0.2,Total,4.11568409344
DE,Germany,2019-03-01,1.4,-0.2,Food,2.46516613076
DE,Germany,2019-03-01,1.4,-0.2,Non-food,5.26315789474
DE,Germany,2019-04-01,2.1,-0.5,Total,1.17270788913
DE,Germany,2019-04-01,2.1,-0.5,Food,0.524109014675
DE,Germany,2019-04-01,2.1,-0.5,Non-food,1.62162162162
DE,Germany,2019-05-01,1.3,-0.9,Total,1.30576713819
DE,Germany,2019-05-01,1.3,-0.9,Food,-0.841219768665
DE,Germany,2019-05-01,1.3,-0.9,Non-food,2.90502793296
DE,Germany,2019-06-01,1.6,-2.9,Total,4.2345276873
DE,Germany,2019-06-01,1.6,-2.9,Food,2.71966527197
DE,Germany,2019-06-01,1.6,-2.9,Non-food,5.46875
DE,Germany,2019-07-01,1.2,-2.6,Total,3.05010893246
DE,Germany,2019-07-01,1.2,-2.6,Food,1.6967126193
DE,Germany,2019-07-01,1.2,-2.6,Non-food,4.0
DE,Germany,2019-08-01,1.0,-3.3,Total,3.58695652174
DE,Germany,2019-08-01,1.0,-3.3,Food,2.43128964059
DE,Germany,2019-08-01,1.0,-3.3,Non-food,4.55049944506
DE,Germany,2019-09-01,0.9,-2.1,Total,3.8084874864
DE,Germany,2019-09-01,0.9,-2.1,Food,0.314795383001
DE,Germany,2019-09-01,0.9,-2.1,Non-food,6.13839285714
DE,Germany,2019-10-01,0.8,-3.9,Total,1.95016251354
DE,Germany,2019-10-01,0.8,-3.9,Food,0.945378151261
DE,Germany,2019-10-01,0.8,-3.9,Non-food,2.77469478357
DE,Germany,2019-11-01,1.2,-2.2,Total,2.70562770563
DE,Germany,2019-11-01,1.2,-2.2,Food,3.62860192102
DE,Germany,2019-11-01,1.2,-2.2,Non-food,2.08105147864
DE,Germany,2019-12-01,1.6,-3.6,Total,3.25732899023
DE,Germany,2019-12-01,1.6,-3.6,Food,-0.104712041885
DE,Germany,2019-12-01,1.6,-3.6,Non-food,5.69196428571
DE,Germany,2020-01-01,1.7,-2.5,Total,2.33297985154
DE,Germany,2020-01-01,1.7,-2.5,Food,-0.835945663532
DE,Germany,2020-01-01,1.7,-2.5,Non-food,4.29645542427
DE,Germany,2020-02-01,1.7,-2.4,Total,2.94117647059
DE,Germany,2020-02-01,1.7,-2.4,Food,4.2842215256
DE,Germany,2020-02-01,1.7,-2.4,Non-food,2.1164021164
DE,Germany,2020-03-01,1.3,-8.4,Total,1.17521367521
DE,Germany,2020-03-01,1.3,-8.4,Food,11.2970711297
DE,Germany,2020-03-01,1.3,-8.4,Non-food,-5.65217391304
DE,Germany,2020-04-01,0.8,-18.1,Total,-4.1095890411
DE,Germany,2020-04-01,0.8,-18.1,Food,7.61209593326
DE,Germany,2020-04-01,0.8,-18.1,Non-food,-12.1276595745
DE,Germany,2020-05-01,0.5,-15.5,Total,9.02255639098
DE,Germany,2020-05-01,0.5,-15.5,Food,10.816542948
DE,Germany,2020-05-01,0.5,-15.5,Non-food,8.14332247557
DE,Germany,2020-06-01,0.8,-11.4,Total,4.6875
DE,Germany,2020-06-01,0.8,-11.4,Food,0.20366598778
DE,Germany,2020-06-01,0.8,-11.4,Non-food,7.93650793651
DE,Germany,2020-07-01,0.0,-10.4,Total,5.70824524313
DE,Germany,2020-07-01,0.0,-10.4,Food,2.71115745568
DE,Germany,2020-07-01,0.0,-10.4,Non-food,8.11965811966
DE,Germany,2020-08-01,-0.1,-8.1,Total,7.45015739769
DE,Germany,2020-08-01,-0.1,-8.1,Food,6.50154798762
DE,Germany,2020-08-01,-0.1,-8.1,Non-food,8.3864118896
DE,Germany,2020-09-01,-0.4,-8.5,Total,5.76519916143
DE,Germany,2020-09-01,-0.4,-8.5,Food,4.49790794979
DE,Germany,2020-09-01,-0.4,-8.5,Non-food,6.8349106204
DE,Germany,2020-10-01,-0.4,-9.1,Total,9.77683315622
DE,Germany,2020-10-01,-0.4,-9.1,Food,6.45161290323
DE,Germany,2020-10-01,-0.4,-9.1,Non-food,12.4190064795
DE,Germany,2020-11-01,-0.7,-9.7,Total,9.27291886196
DE,Germany,2020-11-01,-0.7,-9.7,Food,4.8403707518
DE,Germany,2020-11-01,-0.7,-9.7,Non-food,12.982832618
DE,Germany,2020-12-01,-0.6,-8.7,Total,5.15247108307
DE,Germany,2020-12-01,-0.6,-8.7,Food,8.59538784067
DE,Germany,2020-12-01,-0.6,-8.7,Non-food,2.85110876452
DE,Germany,2021-01-01,1.6,-11.3,Total,-6.42487046632
DE,Germany,2021-01-01,1.6,-11.3,Food,9.27291886196
DE,Germany,2021-01-01,1.6,-11.3,Non-food,-16.683831102
DE,Germany,2021-02-01,1.6,-9.5,Total,-3.77551020408
DE,Germany,2021-02-01,1.6,-9.5,Food,3.70741482966
DE,Germany,2021-02-01,1.6,-9.5,Non-food,-8.91191709845
DE,Germany,2021-03-01,2.0,-6.8,Total,7.91974656811
DE,Germany,2021-03-01,2.0,-6.8,Food,-1.40977443609
DE,Germany,2021-03-01,2.0,-6.8,Non-food,15.668202765
DE,Germany,2021-04-01,2.0,-8.2,Total,6.7032967033
DE,Germany,2021-04-01,2.0,-8.2,Food,-2.22868217054
DE,Germany,2021-04-01,2.0,-8.2,Non-food,14.406779661
DE,Germany,2021-05-01,2.4,-4.9,Total,-0.492610837438
DE,Germany,2021-05-01,2.4,-4.9,Food,-1.91387559809
DE,Germany,2021-05-01,2.4,-4.9,Non-food,0.502008032129
DE,Germany,2021-06-01,2.0,-1.7,Total,4.87562189055
DE,Germany,2021-06-01,2.0,-1.7,Food,1.21951219512
DE,Germany,2021-06-01,2.0,-1.7,Non-food,7.35294117647
DE,Germany,2021-07-01,3.1,-2.6,Total,0.0
DE,Germany,2021-07-01,3.1,-2.6,Food,-0.507614213198
DE,Germany,2021-07-01,3.1,-2.6,Non-food,0.197628458498
DE,Germany,2021-08-01,3.4,-3.9,Total,-0.09765625
DE,Germany,2021-08-01,3.4,-3.9,Food,-6.49224806202
DE,Germany,2021-08-01,3.4,-3.9,Non-food,4.11361410382
DE,Germany,2021-09-01,4.0,-0.8,Total,-0.991080277502
DE,Germany,2021-09-01,4.0,-0.8,Food,-3.1031031031
DE,Germany,2021-09-01,4.0,-0.8,Non-food,0.295275590551
DE,Germany,2021-10-01,4.6,-2.6,Total,-1.25847047435
DE,Germany,2021-10-01,4.6,-2.6,Food,-4.10557184751
DE,Germany,2021-10-01,4.6,-2.6,Non-food,0.576368876081
DE,Germany,2021-11-01,6.0,-4.4,Total,-1.6393442623
DE,Germany,2021-11-01,6.0,-4.4,Food,-3.63457760314
DE,Germany,2021-11-01,6.0,-4.4,Non-food,-0.474833808167
DE,Germany,2021-12-01,5.7,-6.4,Total,1.5
DE,Germany,2021-12-01,5.7,-6.4,Food,-5.59845559846
DE,Germany,2021-12-01,5.7,-6.4,Non-food,6.87885010267
DE,Germany,2022-01-01,5.1,-4.9,Total,14.7286821705
DE,Germany,2022-01-01,5.1,-4.9,Food,-1.06075216972
DE,Germany,2022-01-01,5.1,-4.9,Non-food,29.1718170581
DE,Germany,2022-02-01,5.4,-6.3,Total,9.86214209968
DE,Germany,2022-02-01,5.4,-6.3,Food,-1.35265700483
DE,Germany,2022-02-01,5.4,-6.3,Non-food,19.2263936291
DE,Germany,2022-03-01,7.6,-15.4,Total,-0.293542074364
DE,Germany,2022-03-01,7.6,-15.4,Food,-4.67111534795
DE,Germany,2022-03-01,7.6,-15.4,Non-food,3.18725099602
DE,Germany,2022-04-01,7.9,-18.6,Total,2.98661174047
DE,Germany,2022-04-01,7.9,-18.6,Food,-4.36075322101
DE,Germany,2022-04-01,7.9,-18.6,Non-food,8.78306878307
DE,Germany,2022-05-01,8.6,-18.8,Total,-1.68316831683
DE,Germany,2022-05-01,8.6,-18.8,Food,-7.80487804878
DE,Germany,2022-05-01,8.6,-18.8,Non-food,2.7972027972
DE,Germany,2022-06-01,8.3,-20.4,Total,-6.07210626186
DE,Germany,2022-06-01,8.3,-20.4,Food,-5.62248995984
DE,Germany,2022-06-01,8.3,-20.4,Non-food,-6.30136986301
DE,Germany,2022-07-01,8.4,-24.6,Total,-0.5
DE,Germany,2022-07-01,8.4,-24.6,Food,-3.57142857143
DE,Germany,2022-07-01,8.4,-24.6,Non-food,1.57790927022
DE,Germany,2022-08-01,8.8,-23.5,Total,-4.00782013685
DE,Germany,2022-08-01,8.8,-23.5,Food,-3.41968911917
DE,Germany,2022-08-01,8.8,-23.5,Non-food,-4.60959548448
DE,Germany,2022-09-01,11.0,-28.0,Total,-0.4004004004
DE,Germany,2022-09-01,11.0,-28.0,Food,-3.82231404959
DE,Germany,2022-09-01,11.0,-28.0,Non-food,2.25711481845
DE,Germany,2022-10-01,11.6,-26.6,Total,-4.50980392157
DE,Germany,2022-10-01,11.6,-26.6,Food,-4.89296636086
DE,Germany,2022-10-01,11.6,-26.6,Non-food,-4.10697230181
DE,Germany,2022-11-01,11.3,-24.3,Total,-4.21568627451
DE,Germany,2022-11-01,11.3,-24.3,Food,-5.70846075433
DE,Germany,2022-11-01,11.3,-24.3,Non-food,-3.24427480916
DE,Germany,2022-12-01,9.6,-22.0,Total,-4.72906403941
DE,Germany,2022-12-01,9.6,-22.0,Food,-8.38445807771
DE,Germany,2022-12-01,9.6,-22.0,Non-food,-2.40153698367
DE,Germany,2023-01-01,9.2,-19.9,Total,-7.23938223938
DE,Germany,2023-01-01,9.2,-19.9,Food,-9.55165692008
DE,Germany,2023-01-01,9.2,-19.9,Non-food,-5.83732057416
DE,Germany,2023-02-01,9.3,-16.8,Total,-6.94980694981
DE,Germany,2023-02-01,9.3,-16.8,Food,-8.61900097943
DE,Germany,2023-02-01,9.3,-16.8,Non-food,-5.91603053435
DE,Germany,2023-03-01,7.7,-17.8,Total,-7.06575073602
DE,Germany,2023-03-01,7.7,-17.8,Food,-9.7
DE,Germany,2023-03-01,7.7,-17.8,Non-food,-5.50193050193
DE,Germany,2023-04-01,7.5,-14.4,Total,-4.2
DE,Germany,2023-04-01,7.5,-14.4,Food,-3.83419689119
DE,Germany,2023-04-01,7.5,-14.4,Non-food,-4.5719844358
DE,Germany,2023-05-01,6.3,-14.0,Total,-2.21550855992
DE,Germany,2023-05-01,6.3,-14.0,Food,-1.79894179894
DE,Germany,2023-05-01,6.3,-14.0,Non-food,-2.62390670554
DE,Germany,2023-06-01,6.7,-14.2,Total,-1.31313131313
DE,Germany,2023-06-01,6.7,-14.2,Food,-2.12765957447
DE,Germany,2023-06-01,6.7,-14.2,Non-food,-0.877192982456
DE,Germany,2023-07-01,6.5,-14.0,Total,-2.51256281407
DE,Germany,2023-07-01,6.5,-14.0,Food,-1.16402116402
DE,Germany,2023-07-01,6.5,-14.0,Non-food,-3.30097087379
DE,Germany,2023-08-01,6.4,-14.8,Total,-2.54582484725
DE,Germany,2023-08-01,6.4,-14.8,Food,-1.82403433476
DE,Germany,2023-08-01,6.4,-14.8,Non-food,-2.5641025641
DE,Germany,2023-09-01,4.3,-15.3,Total,-4.3216080402
DE,Germany,2023-09-01,4.3,-15.3,Food,0.429645542428
DE,Germany,2023-09-01,4.3,-15.3,Non-food,-7.58157389635
DE,Germany,2023-10-01,2.9,-15.2,Total,-0.924024640657
DE,Germany,2023-10-01,2.9,-15.2,Food,-1.17899249732
DE,Germany,2023-10-01,2.9,-15.2,Non-food,-0.896414342629
DE,Germany,2023-11-01,2.3,-16.3,Total,-1.74002047083
DE,Germany,2023-11-01,2.3,-16.3,Food,0.0
DE,Germany,2023-11-01,2.3,-16.3,Non-food,-2.85996055227
DE,Germany,2023-12-01,3.7,-13.8,Total,-1.24095139607
DE,Germany,2023-12-01,3.7,-13.8,Food,2.45535714286
DE,Germany,2023-12-01,3.7,-13.8,Non-food,-3.54330708661
DE,Germany,2024-01-01,3.0,-16.5,Total,-0.624349635796
DE,Germany,2024-01-01,3.0,-16.5,Food,0.0
DE,Germany,2024-01-01,3.0,-16.5,Non-food,-0.914634146341
DE,Germany,2024-02-01,2.7,-13.7,Total,-0.829875518672
DE,Germany,2024-02-01,2.7,-13.7,Food,-0.5359056806
DE,Germany,2024-02-01,2.7,-13.7,Non-food,-0.811359026369
DE,Germany,2024-03-01,2.4,-13.1,Total,2.21752903907
DE,Germany,2024-03-01,2.4,-13.1,Food,3.87596899225
DE,Germany,2024-03-01,2.4,-13.1,Non-food,1.12359550562
DE,Germany,2024-04-01,2.4,-10.3,Total,1.04384133612
DE,Germany,2024-04-01,2.4,-10.3,Food,0.646551724138
DE,Germany,2024-04-01,2.4,-10.3,Non-food,1.12130479103
DE,Germany,2024-05-01,2.8,-10.5,Total,-0.308959835221
DE,Germany,2024-05-01,2.8,-10.5,Food,0.538793103448
DE,Germany,2024-05-01,2.8,-10.5,Non-food,-0.798403193613
DE,Germany,2024-06-01,2.6,-10.4,Total,-1.84237461617
DE,Germany,2024-06-01,2.6,-10.4,Food,2.0652173913
DE,Germany,2024-06-01,2.6,-10.4,Non-food,-4.12979351032
DE,Germany,2024-07-01,2.6,-8.5,Total,-0.103092783505
DE,Germany,2024-07-01,2.6,-8.5,Food,0.0
DE,Germany,2024-07-01,2.6,-8.5,Non-food,-0.200803212851
DE,Germany,2024-08-01,2.1,-10.0,Total,2.92580982236
DE,Germany,2024-08-01,2.1,-10.0,Food,3.49726775956
DE,Germany,2024-08-01,2.1,-10.0,Non-food,2.53036437247
DE,Germany,2024-09-01,1.9,-10.8,Total,4.83193277311
DE,Germany,2024-09-01,1.9,-10.8,Food,0.320855614973
DE,Germany,2024-09-01,1.9,-10.8,Non-food,8.09968847352
DE,Germany,2024-10-01,2.4,-8.9,Total,2.48704663212
DE,Germany,2024-10-01,2.4,-8.9,Food,1.73535791757
DE,Germany,2024-10-01,2.4,-8.9,Non-food,3.21608040201
DE,Germany,2024-11-01,2.4,-10.7,Total,3.54166666667
DE,Germany,2024-11-01,2.4,-10.7,Food,2.59459459459
DE,Germany,2024-11-01,2.4,-10.7,Non-food,4.26395939086
DE,Germany,2024-12-01,2.8,-10.2,Total,2.72251308901
DE,Germany,2024-12-01,2.8,-10.2,Food,0.653594771242
DE,Germany,2024-12-01,2.8,-10.2,Non-food,4.28571428571
DE,Germany,2025-01-01,2.8,-11.3,Total,4.60732984293
DE,Germany,2025-01-01,2.8,-11.3,Food,1.83189655172
DE,Germany,2025-01-01,2.8,-11.3,Non-food,6.46153846154
DE,Germany,2025-02-01,2.6,-11.2,Total,4.60251046025
DE,Germany,2025-02-01,2.6,-11.2,Food,2.90948275862
DE,Germany,2025-02-01,2.6,-11.2,Non-food,5.52147239264
DE,Germany,2025-03-01,2.3,-10.3,Total,3.71900826446
DE,Germany,2025-03-01,2.3,-10.3,Food,2.13219616205
DE,Germany,2025-03-01,2.3,-10.3,Non-food,4.64646464646
DE,Germany,2025-04-01,2.2,-10.5,Total,4.54545454545
DE,Germany,2025-04-01,2.2,-10.5,Food,2.78372591006
DE,Germany,2025-04-01,2.2,-10.5,Non-food,5.84677419355
DE,Germany,2025-05-01,2.1,-9.1,Total,3.09917355372
DE,Germany,2025-05-01,2.1,-9.1,Food,1.92926045016
DE,Germany,2025-05-01,2.1,-9.1,Non-food,3.92354124748
DE,Germany,2025-06-01,2.0,-9.8,Total,5.52659019812
DE,Germany,2025-06-01,2.0,-9.8,Food,1.3844515442
DE,Germany,2025-06-01,2.0,-9.8,Non-food,8.30769230769
DE,Germany,2025-07-01,1.9,-8.9,Total,4.02476780186
DE,Germany,2025-07-01,1.9,-8.9,Food,0.963597430407
DE,Germany,2025-07-01,1.9,-8.9,Non-food,6.13682092555
DE,Germany,2025-08-01,2.0,-10.5,Total,1.82741116751
DE,Germany,2025-08-01,2.0,-10.5,Food,-0.527983104541
DE,Germany,2025-08-01,2.0,-10.5,Non-food,3.45508390918
DE,Germany,2025-09-01,2.3,-9.2,Total,0.60120240481
DE,Germany,2025-09-01,2.3,-9.2,Food,0.533049040512
DE,Germany,2025-09-01,2.3,-9.2,Non-food,0.576368876081
DE,Germany,2025-10-01,2.3,-10.8,Total,2.02224469161
DE,Germany,2025-10-01,2.3,-10.8,Food,2.13219616205
DE,Germany,2025-10-01,2.3,-10.8,Non-food,1.94741966894
DE,Germany,2025-11-01,2.5,-11.5,Total,1.30784708249
DE,Germany,2025-11-01,2.5,-11.5,Food,-0.526870389884
DE,Germany,2025-11-01,2.5,-11.5,Non-food,2.43427458617
DE,Germany,2025-12-01,2.0,-12.0,Total,3.16004077472
DE,Germany,2025-12-01,2.0,-12.0,Food,3.35497835498
DE,Germany,2025-12-01,2.0,-12.0,Non-food,3.03326810176
FR,France,2015-01-01,-0.4,-13.6,Total,
FR,France,2015-01-01,-0.4,-13.6,Food,
FR,France,2015-01-01,-0.4,-13.6,Non-food,
FR,France,2015-02-01,-0.3,-11.3,Total,
FR,France,2015-02-01,-0.3,-11.3,Food,
FR,France,2015-02-01,-0.3,-11.3,Non-food,
FR,France,2015-03-01,0.0,-10.8,Total,
FR,France,2015-03-01,0.0,-10.8,Food,
FR,France,2015-03-01,0.0,-10.8,Non-food,
FR,France,2015-04-01,0.1,-9.8,Total,
FR,France,2015-04-01,0.1,-9.8,Food,
FR,France,2015-04-01,0.1,-9.8,Non-food,
FR,France,2015-05-01,0.3,-11.9,Total,
FR,France,2015-05-01,0.3,-11.9,Food,
FR,France,2015-05-01,0.3,-11.9,Non-food,
FR,France,2015-06-01,0.3,-11.8,Total,
FR,France,2015-06-01,0.3,-11.8,Food,
FR,France,2015-06-01,0.3,-11.8,Non-food,
FR,France,2015-07-01,0.2,-12.9,Total,
FR,France,2015-07-01,0.2,-12.9,Food,
FR,France,2015-07-01,0.2,-12.9,Non-food,
FR,France,2015-08-01,0.1,-11.1,Total,
FR,France,2015-08-01,0.1,-11.1,Food,
FR,France,2015-08-01,0.1,-11.1,Non-food,
FR,France,2015-09-01,0.1,-10.2,Total,
FR,France,2015-09-01,0.1,-10.2,Food,
FR,France,2015-09-01,0.1,-10.2,Non-food,
FR,France,2015-10-01,0.1,-9.9,Total,
FR,France,2015-10-01,0.1,-9.9,Food,
FR,France,2015-10-01,0.1,-9.9,Non-food,
FR,France,2015-11-01,0.1,-9.2,Total,
FR,France,2015-11-01,0.1,-9.2,Food,
FR,France,2015-11-01,0.1,-9.2,Non-food,
FR,France,2015-12-01,0.3,-9.5,Total,
FR,France,2015-12-01,0.3,-9.5,Food,
FR,France,2015-12-01,0.3,-9.5,Non-food,
FR,France,2016-01-01,0.3,-8.4,Total,3.75302663438
FR,France,2016-01-01,0.3,-8.4,Food,2.42424242424
FR,France,2016-01-01,0.3,-8.4,Non-food,6.06451612903
FR,France,2016-02-01,-0.1,-10.7,Total,4.87804878049
FR,France,2016-02-01,-0.1,-10.7,Food,2.30024213075
FR,France,2016-02-01,-0.1,-10.7,Non-food,6.76202860858
FR,France,2016-03-01,-0.1,-12.1,Total,4.28396572827
FR,France,2016-03-01,-0.1,-12.1,Food,2.66990291262
FR,France,2016-03-01,-0.1,-12.1,Non-food,5.75916230366
FR,France,2016-04-01,-0.1,-11.7,Total,3.13630880579
FR,France,2016-04-01,-0.1,-11.7,Food,1.19331742243
FR,France,2016-04-01,-0.1,-11.7,Non-food,4.89690721649
FR,France,2016-05-01,0.1,-9.4,Total,2.63157894737
FR,France,2016-05-01,0.1,-9.4,Food,0.594530321046
FR,France,2016-05-01,0.1,-9.4,Non-food,3.84615384615
FR,France,2016-06-01,0.3,-12.0,Total,2.2754491018
FR,France,2016-06-01,0.3,-12.0,Food,1.06888361045
FR,France,2016-06-01,0.3,-12.0,Non-food,4.59183673469
FR,France,2016-07-01,0.4,-11.7,Total,2.99401197605
FR,France,2016-07-01,0.4,-11.7,Food,1.18343195266
FR,France,2016-07-01,0.4,-11.7,Non-food,4.59770114943
FR,France,2016-08-01,0.4,-11.1,Total,1.06257378985
FR,France,2016-08-01,0.4,-11.1,Food,2.38379022646
FR,France,2016-08-01,0.4,-11.1,Non-food,0.0
FR,France,2016-09-01,0.5,-9.6,Total,1.29564193168
FR,France,2016-09-01,0.5,-9.6,Food,3.80952380952
FR,France,2016-09-01,0.5,-9.6,Non-food,-0.246913580247
FR,France,2016-10-01,0.5,-9.4,Total,3.31753554502
FR,France,2016-10-01,0.5,-9.4,Food,3.33730631704
FR,France,2016-10-01,0.5,-9.4,Non-food,3.61145703611
FR,France,2016-11-01,0.7,-7.9,Total,4.84848484848
FR,France,2016-11-01,0.7,-7.9,Food,4.84261501211
FR,France,2016-11-01,0.7,-7.9,Non-food,5.66280566281
FR,France,2016-12-01,0.8,-6.9,Total,1.8691588785
FR,France,2016-12-01,0.8,-6.9,Food,0.462962962963
FR,France,2016-12-01,0.8,-6.9,Non-food,3.10559006211
FR,France,2017-01-01,1.6,-7.4,Total,2.2170361727
FR,France,2017-01-01,1.6,-7.4,Food,4.02366863905
FR,France,2017-01-01,1.6,-7.4,Non-food,0.973236009732
FR,France,2017-02-01,1.4,-8.3,Total,2.32558139535
FR,France,2017-02-01,1.4,-8.3,Food,3.90532544379
FR,France,2017-02-01,1.4,-8.3,Non-food,2.43605359318
FR,France,2017-03-01,1.4,-8.3,Total,3.99061032864
FR,France,2017-03-01,1.4,-8.3,Food,4.01891252955
FR,France,2017-03-01,1.4,-8.3,Non-food,5.07425742574
FR,France,2017-04-01,1.4,-7.2,Total,3.04093567251
FR,France,2017-04-01,1.4,-7.2,Food,4.00943396226
FR,France,2017-04-01,1.4,-7.2,Non-food,2.82555282555
FR,France,2017-05-01,0.9,-6.6,Total,3.84615384615
FR,France,2017-05-01,0.9,-6.6,Food,4.25531914894
FR,France,2017-05-01,0.9,-6.6,Non-food,5.30864197531
FR,France,2017-06-01,0.8,-1.9,Total,3.51288056206
FR,France,2017-06-01,0.8,-1.9,Food,3.99529964747
FR,France,2017-06-01,0.8,-1.9,Non-food,2.68292682927
FR,France,2017-07-01,0.8,-4.3,Total,4.3023255814
FR,France,2017-07-01,0.8,-4.3,Food,3.27485380117
FR,France,2017-07-01,0.8,-4.3,Non-food,5.25030525031
FR,France,2017-08-01,1.0,-5.8,Total,2.92056074766
FR,France,2017-08-01,1.0,-5.8,Food,1.39697322468
FR,France,2017-08-01,1.0,-5.8,Non-food,4.9504950495
FR,France,2017-09-01,1.1,-7.3,Total,6.27906976744
FR,France,2017-09-01,1.1,-7.3,Food,3.44036697248
FR,France,2017-09-01,1.1,-7.3,Non-food,8.91089108911
FR,France,2017-10-01,1.2,-7.4,Total,1.37614678899
FR,France,2017-10-01,1.2,-7.4,Food,1.38408304498
FR,France,2017-10-01,1.2,-7.4,Non-food,1.92307692308
FR,France,2017-11-01,1.2,-4.2,Total,5.43352601156
FR,France,2017-11-01,1.2,-4.2,Food,3.92609699769
FR,France,2017-11-01,1.2,-4.2,Non-food,7.55176613886
FR,France,2017-12-01,1.2,-3.1,Total,4.5871559633
FR,France,2017-12-01,1.2,-3.1,Food,3.6866359447
FR,France,2017-12-01,1.2,-3.1,Non-food,6.02409638554
FR,France,2018-01-01,1.5,-4.2,Total,3.31050228311
FR,France,2018-01-01,1.5,-4.2,Food,2.16154721274
FR,France,2018-01-01,1.5,-4.2,Non-food,5.06024096386
FR,France,2018-02-01,1.3,-7.1,Total,3.40909090909
FR,France,2018-02-01,1.3,-7.1,Food,3.30296127563
FR,France,2018-02-01,1.3,-7.1,Non-food,3.56718192628
FR,France,2018-03-01,1.7,-6.9,Total,3.61173814898
FR,France,2018-03-01,1.7,-6.9,Food,3.75
FR,France,2018-03-01,1.7,-6.9,Non-food,3.65135453475
FR,France,2018-04-01,1.8,-7.8,Total,3.40522133939
FR,France,2018-04-01,1.8,-7.8,Food,2.15419501134
FR,France,2018-04-01,1.8,-7.8,Non-food,4.77897252091
FR,France,2018-05-01,2.3,-8.6,Total,3.0303030303
FR,France,2018-05-01,2.3,-8.6,Food,3.74149659864
FR,France,2018-05-01,2.3,-8.6,Non-food,3.1652989449
FR,France,2018-06-01,2.3,-10.5,Total,3.73303167421
FR,France,2018-06-01,2.3,-10.5,Food,3.50282485876
FR,France,2018-06-01,2.3,-10.5,Non-food,4.1567695962
FR,France,2018-07-01,2.6,-9.8,Total,2.22965440357
FR,France,2018-07-01,2.6,-9.8,Food,4.19026047565
FR,France,2018-07-01,2.6,-9.8,Non-food,2.66821345708
FR,France,2018-08-01,2.6,-10.4,Total,3.97275822928
FR,France,2018-08-01,2.6,-10.4,Food,5.16647531573
FR,France,2018-08-01,2.6,-10.4,Non-food,4.24528301887
FR,France,2018-09-01,2.5,-13.8,Total,0.54704595186
FR,France,2018-09-01,2.5,-13.8,Food,1.88470066519
FR,France,2018-09-01,2.5,-13.8,Non-food,0.795454545455
FR,France,2018-10-01,2.5,-11.3,Total,4.63800904977
FR,France,2018-10-01,2.5,-11.3,Food,5.23321956769
FR,France,2018-10-01,2.5,-11.3,Non-food,5.77830188679
FR,France,2018-11-01,2.2,-13.6,Total,0.986842105263
FR,France,2018-11-01,2.2,-13.6,Food,2.66666666667
FR,France,2018-11-01,2.2,-13.6,Non-food,0.226500566251
FR,France,2018-12-01,1.9,-16.9,Total,0.328947368421
FR,France,2018-12-01,1.9,-16.9,Food,2.66666666667
FR,France,2018-12-01,1.9,-16.9,Non-food,0.113636363636
FR,France,2019-01-01,1.4,-12.2,Total,2.65193370166
FR,France,2019-01-01,1.4,-12.2,Food,2.33853006682
FR,France,2019-01-01,1.4,-12.2,Non-food,3.78440366972
FR,France,2019-02-01,1.5,-10.7,Total,2.63736263736
FR,France,2019-02-01,1.5,-10.7,Food,1.21278941566
FR,France,2019-02-01,1.5,-10.7,Non-food,5.2812858783
FR,France,2019-03-01,1.3,-9.9,Total,1.52505446623
FR,France,2019-03-01,1.3,-9.9,Food,0.219058050383
FR,France,2019-03-01,1.3,-9.9,Non-food,3.86363636364
FR,France,2019-04-01,1.4,-10.1,Total,2.74423710209
FR,France,2019-04-01,1.4,-10.1,Food,3.1076581576
FR,France,2019-04-01,1.4,-10.1,Non-food,4.2189281642
FR,France,2019-05-01,1.1,-8.1,Total,1.6339869281
FR,France,2019-05-01,1.1,-8.1,Food,0.655737704918
FR,France,2019-05-01,1.1,-8.1,Non-food,3.97727272727
FR,France,2019-06-01,1.4,-8.2,Total,2.29007633588
FR,France,2019-06-01,1.4,-8.2,Food,0.873362445415
FR,France,2019-06-01,1.4,-8.2,Non-food,4.78905359179
FR,France,2019-07-01,1.3,-6.7,Total,1.74482006543
FR,France,2019-07-01,1.3,-6.7,Food,-0.217391304348
FR,France,2019-07-01,1.3,-6.7,Non-food,3.95480225989
FR,France,2019-08-01,1.3,-7.5,Total,3.38427947598
FR,France,2019-08-01,1.3,-7.5,Food,1.20087336245
FR,France,2019-08-01,1.3,-7.5,Non-food,6.10859728507
FR,France,2019-09-01,1.1,-6.2,Total,1.95865070729
FR,France,2019-09-01,1.1,-6.2,Food,0.217627856366
FR,France,2019-09-01,1.1,-6.2,Non-food,4.50958286359
FR,France,2019-10-01,0.9,-6.6,Total,1.72972972973
FR,France,2019-10-01,0.9,-6.6,Food,0.108108108108
FR,France,2019-10-01,0.9,-6.6,Non-food,3.34448160535
FR,France,2019-11-01,1.2,-5.8,Total,2.93159609121
FR,France,2019-11-01,1.2,-5.8,Food,0.541125541126
FR,France,2019-11-01,1.2,-5.8,Non-food,5.53672316384
FR,France,2019-12-01,1.6,-9.6,Total,3.60655737705
FR,France,2019-12-01,1.6,-9.6,Food,0.649350649351
FR,France,2019-12-01,1.6,-9.6,Non-food,4.9943246311
FR,France,2020-01-01,1.7,-8.9,Total,2.58342303552
FR,France,2020-01-01,1.7,-8.9,Food,1.63220892274
FR,France,2020-01-01,1.7,-8.9,Non-food,3.53591160221
FR,France,2020-02-01,1.6,-7.7,Total,1.60599571734
FR,France,2020-02-01,1.6,-7.7,Food,2.0697167756
FR,France,2020-02-01,1.6,-7.7,Non-food,1.09051254089
FR,France,2020-03-01,0.8,-12.6,Total,-15.2360515021
FR,France,2020-03-01,0.8,-12.6,Food,4.59016393443
FR,France,2020-03-01,0.8,-12.6,Non-food,-28.0087527352
FR,France,2020-04-01,0.4,-21.5,Total,-30.8760683761
FR,France,2020-04-01,0.4,-21.5,Food,-2.79870828848
FR,France,2020-04-01,0.4,-21.5,Non-food,-46.4989059081
FR,France,2020-05-01,0.4,-17.6,Total,-4.93033226152
FR,France,2020-05-01,0.4,-17.6,Food,4.2345276873
FR,France,2020-05-01,0.4,-17.6,Non-food,-5.79234972678
FR,France,2020-06-01,0.2,-12.3,Total,2.45202558635
FR,France,2020-06-01,0.2,-12.3,Food,3.13852813853
FR,France,2020-06-01,0.2,-12.3,Non-food,5.76713819369
FR,France,2020-07-01,0.8,-11.8,Total,0.96463022508
FR,France,2020-07-01,0.8,-11.8,Food,3.92156862745
FR,France,2020-07-01,0.8,-11.8,Non-food,-0.108695652174
FR,France,2020-08-01,0.2,-12.2,Total,5.06863780359
FR,France,2020-08-01,0.2,-12.2,Food,5.39374325782
FR,France,2020-08-01,0.2,-12.2,Non-food,6.28997867804
FR,France,2020-09-01,0.0,-10.9,Total,2.5613660619
FR,France,2020-09-01,0.0,-10.9,Food,3.47448425624
FR,France,2020-09-01,0.0,-10.9,Non-food,3.23624595469
FR,France,2020-10-01,0.1,-13.4,Total,4.7821466525
FR,France,2020-10-01,0.1,-13.4,Food,7.12742980562
FR,France,2020-10-01,0.1,-13.4,Non-food,5.28586839266
FR,France,2020-11-01,0.2,-18.0,Total,-13.7130801688
FR,France,2020-11-01,0.2,-18.0,Food,-2.36813778256
FR,France,2020-11-01,0.2,-18.0,Non-food,-18.7366167024
FR,France,2020-12-01,0.0,-10.8,Total,7.91139240506
FR,France,2020-12-01,0.0,-10.8,Food,7.84946236559
FR,France,2020-12-01,0.0,-10.8,Non-food,13.5135135135
FR,France,2021-01-01,0.8,-13.6,Total,1.99370409234
FR,France,2021-01-01,0.8,-13.6,Food,5.24625267666
FR,France,2021-01-01,0.8,-13.6,Non-food,2.66808964781
FR,France,2021-02-01,0.8,-14.4,Total,3.1612223393
FR,France,2021-02-01,0.8,-14.4,Food,4.58911419424
FR,France,2021-02-01,0.8,-14.4,Non-food,5.71736785329
FR,France,2021-03-01,1.4,-9.8,Total,24.1772151899
FR,France,2021-03-01,1.4,-9.8,Food,3.0303030303
FR,France,2021-03-01,1.4,-9.8,Non-food,48.9361702128
FR,France,2021-04-01,1.6,-9.5,Total,43.5857805255
FR,France,2021-04-01,1.6,-9.5,Food,13.7320044297
FR,France,2021-04-01,1.6,-9.5,Non-food,77.0961145194
FR,France,2021-05-01,1.8,-5.2,Total,11.6121758737
FR,France,2021-05-01,1.8,-5.2,Food,5.10416666667
FR,France,2021-05-01,1.8,-5.2,Non-food,13.3410672854
FR,France,2021-06-01,1.9,-0.1,Total,5.4110301769
FR,France,2021-06-01,1.9,-0.1,Food,2.93809024134
FR,France,2021-06-01,1.9,-0.1,Non-food,6.89300411523
FR,France,2021-07-01,1.5,-3.2,Total,7.64331210191
FR,France,2021-07-01,1.5,-3.2,Food,3.98322851153
FR,France,2021-07-01,1.5,-3.2,Non-food,11.6430903156
FR,France,2021-08-01,2.4,-6.5,Total,2.01005025126
FR,France,2021-08-01,2.4,-6.5,Food,2.1494370522
FR,France,2021-08-01,2.4,-6.5,Non-food,2.70812437312
FR,France,2021-09-01,2.7,-2.8,Total,5.7232049948
FR,France,2021-09-01,2.7,-2.8,Food,5.03672612802
FR,France,2021-09-01,2.7,-2.8,Non-food,6.7920585162
FR,France,2021-10-01,3.2,-6.3,Total,4.25963488844
FR,France,2021-10-01,3.2,-6.3,Food,1.31048387097
FR,France,2021-10-01,3.2,-6.3,Non-food,6.65983606557
FR,France,2021-11-01,3.4,-6.9,Total,25.7946210269
FR,France,2021-11-01,3.4,-6.9,Food,11.1356119074
FR,France,2021-11-01,3.4,-6.9,Non-food,37.812911726
FR,France,2021-12-01,3.4,-8.5,Total,1.0752688172
FR,France,2021-12-01,3.4,-8.5,Food,2.79162512463
FR,France,2021-12-01,3.4,-8.5,Non-food,-1.14285714286
FR,France,2022-01-01,3.3,-9.5,Total,5.76131687243
FR,France,2022-01-01,3.3,-9.5,Food,2.8484231943
FR,France,2022-01-01,3.3,-9.5,Non-food,8.41995841996
FR,France,2022-02-01,4.2,-8.6,Total,5.41368743616
FR,France,2022-02-01,4.2,-8.6,Food,3.67346938776
FR,France,2022-02-01,4.2,-8.6,Non-food,6.5306122449
FR,France,2022-03-01,5.1,-21.2,Total,5.50458715596
FR,France,2022-03-01,5.1,-21.2,Food,3.75253549696
FR,France,2022-03-01,5.1,-21.2,Non-food,7.24489795918
FR,France,2022-04-01,5.4,-19.0,Total,11.8406889128
FR,France,2022-04-01,5.4,-19.0,Food,0.292112950341
FR,France,2022-04-01,5.4,-19.0,Non-food,20.6697459584
FR,France,2022-05-01,5.8,-18.8,Total,5.15151515152
FR,France,2022-05-01,5.8,-18.8,Food,0.594648166501
FR,France,2022-05-01,5.8,-18.8,Non-food,8.70010235415
FR,France,2022-06-01,6.5,-21.2,Total,2.07305034551
FR,France,2022-06-01,6.5,-21.2,Food,3.77166156983
FR,France,2022-06-01,6.5,-21.2,Non-food,1.34744947064
FR,France,2022-07-01,6.8,-21.8,Total,0.295857988166
FR,France,2022-07-01,6.8,-21.8,Food,1.61290322581
FR,France,2022-07-01,6.8,-21.8,Non-food,-0.0974658869396
FR,France,2022-08-01,6.6,-18.8,Total,1.28078817734
FR,France,2022-08-01,6.6,-18.8,Food,0.701402805611
FR,France,2022-08-01,6.6,-18.8,Non-food,2.83203125
FR,France,2022-09-01,6.2,-22.3,Total,3.14960629921
FR,France,2022-09-01,6.2,-22.3,Food,0.1998001998
FR,France,2022-09-01,6.2,-22.3,Non-food,5.47945205479
FR,France,2022-10-01,7.1,-20.9,Total,0.194552529183
FR,France,2022-10-01,7.1,-20.9,Food,-1.79104477612
FR,France,2022-10-01,7.1,-20.9,Non-food,1.15273775216
FR,France,2022-11-01,7.1,-18.8,Total,-0.874635568513
FR,France,2022-11-01,7.1,-18.8,Food,-2.57936507937
FR,France,2022-11-01,7.1,-18.8,Non-food,0.57361376673
FR,France,2022-12-01,6.7,-20.6,Total,-1.16054158607
FR,France,2022-12-01,6.7,-20.6,Food,-5.33462657614
FR,France,2022-12-01,6.7,-20.6,Non-food,2.11946050096
FR,France,2023-01-01,7.0,-20.6,Total,-1.1673151751
FR,France,2023-01-01,7.0,-20.6,Food,-3.26409495549
FR,France,2023-01-01,7.0,-20.6,Non-food,0.767018216683
FR,France,2023-02-01,7.3,-21.5,Total,-1.45348837209
FR,France,2023-02-01,7.3,-21.5,Food,-3.93700787402
FR,France,2023-02-01,7.3,-21.5,Non-food,1.24521072797
FR,France,2023-03-01,6.7,-20.6,Total,-2.02898550725
FR,France,2023-03-01,6.7,-20.6,Food,-5.57184750733
FR,France,2023-03-01,6.7,-20.6,Non-food,-0.0951474785918
FR,France,2023-04-01,6.9,-18.7,Total,-3.84985563041
FR,France,2023-04-01,6.9,-18.7,Food,-7.57281553398
FR,France,2023-04-01,6.9,-18.7,Non-food,0.287081339713
FR,France,2023-05-01,6.0,-17.0,Total,-3.0739673391
FR,France,2023-05-01,6.0,-17.0,Food,-6.30541871921
FR,France,2023-05-01,6.0,-17.0,Non-food,0.0
FR,France,2023-06-01,5.3,-14.7,Total,-1.83752417795
FR,France,2023-06-01,5.3,-14.7,Food,-5.30451866405
FR,France,2023-06-01,5.3,-14.7,Non-food,1.1396011396
FR,France,2023-07-01,5.1,-14.2,Total,0.491642084562
FR,France,2023-07-01,5.1,-14.2,Food,-4.26587301587
FR,France,2023-07-01,5.1,-14.2,Non-food,4.9756097561
FR,France,2023-08-01,5.7,-14.8,Total,-2.82101167315
FR,France,2023-08-01,5.7,-14.8,Food,-4.67661691542
FR,France,2023-08-01,5.7,-14.8,Non-food,-0.379867046534
FR,France,2023-09-01,5.7,-15.8,Total,-3.7213740458
FR,France,2023-09-01,5.7,-15.8,Food,-2.29312063809
FR,France,2023-09-01,5.7,-15.8,Non-food,-3.24675324675
FR,France,2023-10-01,4.5,-16.7,Total,-2.1359223301
FR,France,2023-10-01,4.5,-16.7,Food,-1.92502532928
FR,France,2023-10-01,4.5,-16.7,Non-food,-0.189933523267
FR,France,2023-11-01,3.9,-13.5,Total,0.0
FR,France,2023-11-01,3.9,-13.5,Food,-1.0183299389
FR,France,2023-11-01,3.9,-13.5,Non-food,1.42585551331
FR,France,2023-12-01,4.1,-13.5,Total,-0.293542074364
FR,France,2023-12-01,4.1,-13.5,Food,-0.819672131148
FR,France,2023-12-01,4.1,-13.5,Non-food,0.377358490566
FR,France,2024-01-01,3.4,-11.7,Total,0.590551181102
FR,France,2024-01-01,3.4,-11.7,Food,-0.715746421268
FR,France,2024-01-01,3.4,-11.7,Non-food,1.71265461465
FR,France,2024-02-01,3.2,-14.7,Total,1.5732546706
FR,France,2024-02-01,3.2,-14.7,Food,-0.30737704918
FR,France,2024-02-01,3.2,-14.7,Non-food,3.12204351939
FR,France,2024-03-01,2.4,-13.4,Total,1.08481262327
FR,France,2024-03-01,2.4,-13.4,Food,0.931677018634
FR,France,2024-03-01,2.4,-13.4,Non-food,2.19047619048
FR,France,2024-04-01,2.4,-15.3,Total,2.8028028028
FR,France,2024-04-01,2.4,-15.3,Food,1.99579831933
FR,France,2024-04-01,2.4,-15.3,Non-food,2.95801526718
FR,France,2024-05-01,2.6,-13.5,Total,1.68483647175
FR,France,2024-05-01,2.6,-13.5,Food,2.73396424816
FR,France,2024-05-01,2.6,-13.5,Non-food,0.941619585687
FR,France,2024-06-01,2.5,-14.4,Total,0.492610837438
FR,France,2024-06-01,2.5,-14.4,Food,0.103734439834
FR,France,2024-06-01,2.5,-14.4,Non-food,0.657276995305
FR,France,2024-07-01,2.7,-15.4,Total,0.489236790607
FR,France,2024-07-01,2.7,-15.4,Food,1.13989637306
FR,France,2024-07-01,2.7,-15.4,Non-food,-0.092936802974
FR,France,2024-08-01,2.2,-13.0,Total,5.40540540541
FR,France,2024-08-01,2.2,-13.0,Food,3.34029227557
FR,France,2024-08-01,2.2,-13.0,Non-food,5.91039084843
FR,France,2024-09-01,1.4,-11.6,Total,3.56788899901
FR,France,2024-09-01,1.4,-11.6,Food,-0.204081632653
FR,France,2024-09-01,1.4,-11.6,Non-food,6.13614573346
FR,France,2024-10-01,1.6,-12.8,Total,3.0753968254
FR,France,2024-10-01,1.6,-12.8,Food,1.96280991736
FR,France,2024-10-01,1.6,-12.8,Non-food,3.42530922931
FR,France,2024-11-01,1.7,-15.3,Total,2.1568627451
FR,France,2024-11-01,1.7,-15.3,Food,1.85185185185
FR,France,2024-11-01,1.7,-15.3,Non-food,1.96813495783
FR,France,2024-12-01,1.8,-17.7,Total,2.06084396467
FR,France,2024-12-01,1.8,-17.7,Food,2.27272727273
FR,France,2024-12-01,1.8,-17.7,Non-food,2.16165413534
FR,France,2025-01-01,1.8,-14.1,Total,2.54403131115
FR,France,2025-01-01,1.8,-14.1,Food,2.16271884655
FR,France,2025-01-01,1.8,-14.1,Non-food,2.80636108513
FR,France,2025-02-01,0.9,-13.2,Total,1.83930300097
FR,France,2025-02-01,0.9,-13.2,Food,1.95272353546
FR,France,2025-02-01,0.9,-13.2,Non-food,1.37614678899
FR,France,2025-03-01,0.9,-14.8,Total,2.82926829268
FR,France,2025-03-01,0.9,-14.8,Food,1.94871794872
FR,France,2025-03-01,0.9,-14.8,Non-food,3.16868592731
FR,France,2025-04-01,0.9,-16.3,Total,3.40798442064
FR,France,2025-04-01,0.9,-16.3,Food,2.57466529351
FR,France,2025-04-01,0.9,-16.3,Non-food,3.2437442076
FR,France,2025-05-01,0.6,-17.4,Total,3.31384015595
FR,France,2025-05-01,0.6,-17.4,Food,1.74002047083
FR,France,2025-05-01,0.6,-17.4,Non-food,3.91791044776
FR,France,2025-06-01,0.9,-17.4,Total,4.01960784314
FR,France,2025-06-01,0.9,-17.4,Food,4.24870466321
FR,France,2025-06-01,0.9,-17.4,Non-food,3.26492537313
FR,France,2025-07-01,0.9,-16.9,Total,3.3106134372
FR,France,2025-07-01,0.9,-16.9,Food,1.5368852459
FR,France,2025-07-01,0.9,-16.9,Non-food,4.37209302326
FR,France,2025-08-01,0.8,-18.5,Total,1.61443494777
FR,France,2025-08-01,0.8,-18.5,Food,1.61616161616
FR,France,2025-08-01,0.8,-18.5,Non-food,1.3501350135
FR,France,2025-09-01,1.1,-19.3,Total,2.2966507177
FR,France,2025-09-01,1.1,-19.3,Food,2.76073619632
FR,France,2025-09-01,1.1,-19.3,Non-food,1.62601626016
FR,France,2025-10-01,0.8,-15.5,Total,3.46487006737
FR,France,2025-10-01,0.8,-15.5,Food,1.72239108409
FR,France,2025-10-01,0.8,-15.5,Non-food,4.78380864765
FR,France,2025-11-01,0.8,-15.8,Total,3.35892514395
FR,France,2025-11-01,0.8,-15.8,Food,1.71717171717
FR,France,2025-11-01,0.8,-15.8,Non-food,4.87132352941
FR,France,2025-12-01,0.7,-16.3,Total,3.65384615385
FR,France,2025-12-01,0.7,-16.3,Food,2.32323232323
FR,France,2025-12-01,0.7,-16.3,Non-food,4.59981600736
NL,Netherlands,2015-01-01,-0.7,-3.1,Total,
NL,Netherlands,2015-01-01,-0.7,-3.1,Food,
NL,Netherlands,2015-01-01,-0.7,-3.1,Non-food,
NL,Netherlands,2015-02-01,-0.5,-4.9,Total,
NL,Netherlands,2015-02-01,-0.5,-4.9,Food,
NL,Netherlands,2015-02-01,-0.5,-4.9,Non-food,
NL,Netherlands,2015-03-01,-0.3,-0.9,Total,
NL,Netherlands,2015-03-01,-0.3,-0.9,Food,
NL,Netherlands,2015-03-01,-0.3,-0.9,Non-food,
NL,Netherlands,2015-04-01,0.0,-1.5,Total,
NL,Netherlands,2015-04-01,0.0,-1.5,Food,
NL,Netherlands,2015-04-01,0.0,-1.5,Non-food,
NL,Netherlands,2015-05-01,0.7,0.1,Total,
NL,Netherlands,2015-05-01,0.7,0.1,Food,
NL,Netherlands,2015-05-01,0.7,0.1,Non-food,
NL,Netherlands,2015-06-01,0.5,0.7,Total,
NL,Netherlands,2015-06-01,0.5,0.7,Food,
NL,Netherlands,2015-06-01,0.5,0.7,Non-food,
NL,Netherlands,2015-07-01,0.8,0.1,Total,
NL,Netherlands,2015-07-01,0.8,0.1,Food,
NL,Netherlands,2015-07-01,0.8,0.1,Non-food,
NL,Netherlands,2015-08-01,0.4,1.3,Total,
NL,Netherlands,2015-08-01,0.4,1.3,Food,
NL,Netherlands,2015-08-01,0.4,1.3,Non-food,
NL,Netherlands,2015-09-01,0.3,0.1,Total,
NL,Netherlands,2015-09-01,0.3,0.1,Food,
NL,Netherlands,2015-09-01,0.3,0.1,Non-food,
NL,Netherlands,2015-10-01,0.4,-2.2,Total,
NL,Netherlands,2015-10-01,0.4,-2.2,Food,
NL,Netherlands,2015-10-01,0.4,-2.2,Non-food,
NL,Netherlands,2015-11-01,0.4,-0.5,Total,
NL,Netherlands,2015-11-01,0.4,-0.5,Food,
NL,Netherlands,2015-11-01,0.4,-0.5,Non-food,
NL,Netherlands,2015-12-01,0.5,-1.7,Total,
NL,Netherlands,2015-12-01,0.5,-1.7,Food,
NL,Netherlands,2015-12-01,0.5,-1.7,Non-food,
NL,Netherlands,2016-01-01,0.2,0.1,Total,0.34965034965
NL,Netherlands,2016-01-01,0.2,0.1,Food,0.54704595186
NL,Netherlands,2016-01-01,0.2,0.1,Non-food,0.378787878788
NL,Netherlands,2016-02-01,0.3,-4.3,Total,0.809248554913
NL,Netherlands,2016-02-01,0.3,-4.3,Food,-0.872410032715
NL,Netherlands,2016-02-01,0.3,-4.3,Non-food,2.11706102117
NL,Netherlands,2016-03-01,0.5,-5.4,Total,0.348027842227
NL,Netherlands,2016-03-01,0.5,-5.4,Food,-0.109051254089
NL,Netherlands,2016-03-01,0.5,-5.4,Non-food,0.752823086575
NL,Netherlands,2016-04-01,-0.2,-2.9,Total,-0.115874855156
NL,Netherlands,2016-04-01,-0.2,-2.9,Food,-0.218579234973
NL,Netherlands,2016-04-01,-0.2,-2.9,Non-food,0.0
NL,Netherlands,2016-05-01,-0.2,-2.9,Total,2.57009345794
NL,Netherlands,2016-05-01,-0.2,-2.9,Food,1.9693654267
NL,Netherlands,2016-05-01,-0.2,-2.9,Non-food,3.03797468354
NL,Netherlands,2016-06-01,-0.2,-0.1,Total,0.459242250287
NL,Netherlands,2016-06-01,-0.2,-0.1,Food,-0.539956803456
NL,Netherlands,2016-06-01,-0.2,-0.1,Non-food,1.36307311029
NL,Netherlands,2016-07-01,-0.6,-3.1,Total,2.20673635308
NL,Netherlands,2016-07-01,-0.6,-3.1,Food,1.3143483023
NL,Netherlands,2016-07-01,-0.6,-3.1,Non-food,2.6282853567
NL,Netherlands,2016-08-01,0.1,-3.1,Total,1.03926096998
NL,Netherlands,2016-08-01,0.1,-3.1,Food,0.869565217391
NL,Netherlands,2016-08-01,0.1,-3.1,Non-food,1.625
NL,Netherlands,2016-09-01,-0.1,-0.7,Total,0.462962962963
NL,Netherlands,2016-09-01,-0.1,-0.7,Food,1.6393442623
NL,Netherlands,2016-09-01,-0.1,-0.7,Non-food,-0.622665006227
NL,Netherlands,2016-10-01,0.3,1.6,Total,4.52961672474
NL,Netherlands,2016-10-01,0.3,1.6,Food,2.30263157895
NL,Netherlands,2016-10-01,0.3,1.6,Non-food,7.00876095119
NL,Netherlands,2016-11-01,0.4,1.5,Total,3.85964912281
NL,Netherlands,2016-11-01,0.4,1.5,Food,1.42076502732
NL,Netherlands,2016-11-01,0.4,1.5,Non-food,6.23409669211
NL,Netherlands,2016-12-01,0.8,1.0,Total,1.72413793103
NL,Netherlands,2016-12-01,0.8,1.0,Food,0.985761226725
NL,Netherlands,2016-12-01,0.8,1.0,Non-food,2.33128834356
NL,Netherlands,2017-01-01,1.6,3.6,Total,3.60046457607
NL,Netherlands,2017-01-01,1.6,3.6,Food,1.52339499456
NL,Netherlands,2017-01-01,1.6,3.6,Non-food,5.40880503145
NL,Netherlands,2017-02-01,1.7,3.4,Total,1.37614678899
NL,Netherlands,2017-02-01,1.7,3.4,Food,2.0902090209
NL,Netherlands,2017-02-01,1.7,3.4,Non-food,1.21951219512
NL,Netherlands,2017-03-01,0.6,4.1,Total,3.81502890173
NL,Netherlands,2017-03-01,0.6,4.1,Food,0.764192139738
NL,Netherlands,2017-03-01,0.6,4.1,Non-food,6.47571606476
NL,Netherlands,2017-04-01,1.4,5.5,Total,3.94431554524
NL,Netherlands,2017-04-01,1.4,5.5,Food,2.30010952903
NL,Netherlands,2017-04-01,1.4,5.5,Non-food,5.75
NL,Netherlands,2017-05-01,0.7,1.9,Total,3.18906605923
NL,Netherlands,2017-05-01,0.7,1.9,Food,0.429184549356
NL,Netherlands,2017-05-01,0.7,1.9,Non-food,5.77395577396
NL,Netherlands,2017-06-01,1.0,3.3,Total,3.54285714286
NL,Netherlands,2017-06-01,1.0,3.3,Food,1.4115092291
NL,Netherlands,2017-06-01,1.0,3.3,Non-food,5.25672371638
NL,Netherlands,2017-07-01,1.5,5.1,Total,3.29545454545
NL,Netherlands,2017-07-01,1.5,5.1,Food,0.648648648649
NL,Netherlands,2017-07-01,1.5,5.1,Non-food,5.9756097561
NL,Netherlands,2017-08-01,1.5,5.1,Total,2.97142857143
NL,Netherlands,2017-08-01,1.5,5.1,Food,-0.538793103448
NL,Netherlands,2017-08-01,1.5,5.1,Non-food,6.15006150062
NL,Netherlands,2017-09-01,1.4,2.7,Total,4.26267281106
NL,Netherlands,2017-09-01,1.4,2.7,Food,-0.645161290323
NL,Netherlands,2017-09-01,1.4,2.7,Non-food,8.64661654135
NL,Netherlands,2017-10-01,1.3,4.7,Total,1.0
NL,Netherlands,2017-10-01,1.3,4.7,Food,0.75026795284
NL,Netherlands,2017-10-01,1.3,4.7,Non-food,0.818713450292
NL,Netherlands,2017-11-01,1.5,2.3,Total,3.6036036036
NL,Netherlands,2017-11-01,1.5,2.3,Food,0.754310344828
NL,Netherlands,2017-11-01,1.5,2.3,Non-food,5.9880239521
NL,Netherlands,2017-12-01,1.2,3.1,Total,2.71186440678
NL,Netherlands,2017-12-01,1.2,3.1,Food,2.06073752711
NL,Netherlands,2017-12-01,1.2,3.1,Non-food,3.47721822542
NL,Netherlands,2018-01-01,1.5,5.0,Total,3.13901345291
NL,Netherlands,2018-01-01,1.5,5.0,Food,-0.10718113612
NL,Netherlands,2018-01-01,1.5,5.0,Non-food,5.4892601432
NL,Netherlands,2018-02-01,1.2,2.1,Total,2.94117647059
NL,Netherlands,2018-02-01,1.2,2.1,Food,1.40086206897
NL,Netherlands,2018-02-01,1.2,2.1,Non-food,3.73493975904
NL,Netherlands,2018-03-01,1.0,3.7,Total,2.2271714922
NL,Netherlands,2018-03-01,1.0,3.7,Food,1.08342361863
NL,Netherlands,2018-03-01,1.0,3.7,Non-food,2.80701754386
NL,Netherlands,2018-04-01,1.0,4.2,Total,4.46428571429
NL,Netherlands,2018-04-01,1.0,4.2,Food,2.89079229122
NL,Netherlands,2018-04-01,1.0,4.2,Non-food,5.91016548463
NL,Netherlands,2018-05-01,1.9,1.9,Total,2.98013245033
NL,Netherlands,2018-05-01,1.9,1.9,Food,2.67094017094
NL,Netherlands,2018-05-01,1.9,1.9,Non-food,3.36817653891
NL,Netherlands,2018-06-01,1.7,3.1,Total,2.64900662252
NL,Netherlands,2018-06-01,1.7,3.1,Food,2.56959314775
NL,Netherlands,2018-06-01,1.7,3.1,Non-food,2.78745644599
NL,Netherlands,2018-07-01,1.9,4.2,Total,2.9702970297
NL,Netherlands,2018-07-01,1.9,4.2,Food,4.18904403867
NL,Netherlands,2018-07-01,1.9,4.2,Non-food,1.84119677791
NL,Netherlands,2018-08-01,1.9,1.7,Total,3.21864594895
NL,Netherlands,2018-08-01,1.9,1.7,Food,2.60021668472
NL,Netherlands,2018-08-01,1.9,1.7,Non-food,3.59212050985
NL,Netherlands,2018-09-01,1.6,1.1,Total,2.65193370166
NL,Netherlands,2018-09-01,1.6,1.1,Food,3.35497835498
NL,Netherlands,2018-09-01,1.6,1.1,Non-food,2.07612456747
NL,Netherlands,2018-10-01,1.9,-1.7,Total,2.9702970297
NL,Netherlands,2018-10-01,1.9,-1.7,Food,1.8085106383
NL,Netherlands,2018-10-01,1.9,-1.7,Non-food,3.71229698376
NL,Netherlands,2018-11-01,1.8,-2.9,Total,2.5
NL,Netherlands,2018-11-01,1.8,-2.9,Food,1.39037433155
NL,Netherlands,2018-11-01,1.8,-2.9,Non-food,2.93785310734
NL,Netherlands,2018-12-01,1.8,-5.4,Total,2.3102310231
NL,Netherlands,2018-12-01,1.8,-5.4,Food,2.65674814028
NL,Netherlands,2018-12-01,1.8,-5.4,Non-food,1.73812282735
NL,Netherlands,2019-01-01,2.0,-7.8,Total,1.41304347826
NL,Netherlands,2019-01-01,2.0,-7.8,Food,1.82403433476
NL,Netherlands,2019-01-01,2.0,-7.8,Non-food,1.2443438914
NL,Netherlands,2019-02-01,2.6,-7.3,Total,3.40659340659
NL,Netherlands,2019-02-01,2.6,-7.3,Food,0.637619553666
NL,Netherlands,2019-02-01,2.6,-7.3,Non-food,5.69105691057
NL,Netherlands,2019-03-01,2.9,-8.6,Total,2.83224400871
NL,Netherlands,2019-03-01,2.9,-8.6,Food,2.57234726688
NL,Netherlands,2019-03-01,2.9,-8.6,Non-food,3.64050056883
NL,Netherlands,2019-04-01,3.0,-6.7,Total,1.7094017094
NL,Netherlands,2019-04-01,3.0,-6.7,Food,-0.728407908429
NL,Netherlands,2019-04-01,3.0,-6.7,Non-food,3.125
NL,Netherlands,2019-05-01,2.3,-7.7,Total,1.82207931404
NL,Netherlands,2019-05-01,2.3,-7.7,Food,-1.24869927159
NL,Netherlands,2019-05-01,2.3,-7.7,Non-food,4.15730337079
NL,Netherlands,2019-06-01,2.7,-5.2,Total,2.15053763441
NL,Netherlands,2019-06-01,2.7,-5.2,Food,-0.208768267223
NL,Netherlands,2019-06-01,2.7,-5.2,Non-food,4.40677966102
NL,Netherlands,2019-07-01,2.6,-5.1,Total,1.38888888889
NL,Netherlands,2019-07-01,2.6,-5.1,Food,-0.618556701031
NL,Netherlands,2019-07-01,2.6,-5.1,Non-food,3.38983050847
NL,Netherlands,2019-08-01,3.1,-6.6,Total,1.29032258065
NL,Netherlands,2019-08-01,3.1,-6.6,Food,0.527983104541
NL,Netherlands,2019-08-01,3.1,-6.6,Non-food,2.01342281879
NL,Netherlands,2019-09-01,2.7,-7.7,Total,2.47578040904
NL,Netherlands,2019-09-01,2.7,-7.7,Food,-0.314136125654
NL,Netherlands,2019-09-01,2.7,-7.7,Non-food,4.97175141243
NL,Netherlands,2019-10-01,2.8,-6.2,Total,1.81623931624
NL,Netherlands,2019-10-01,2.8,-6.2,Food,-0.104493207941
NL,Netherlands,2019-10-01,2.8,-6.2,Non-food,3.91498881432
NL,Netherlands,2019-11-01,2.5,-7.2,Total,1.27253446448
NL,Netherlands,2019-11-01,2.5,-7.2,Food,0.42194092827
NL,Netherlands,2019-11-01,2.5,-7.2,Non-food,2.634467618
NL,Netherlands,2019-12-01,2.8,-7.7,Total,3.65591397849
NL,Netherlands,2019-12-01,2.8,-7.7,Food,0.0
NL,Netherlands,2019-12-01,2.8,-7.7,Non-food,7.17539863326
NL,Netherlands,2020-01-01,1.7,-7.7,Total,2.25080385852
NL,Netherlands,2020-01-01,1.7,-7.7,Food,0.210748155954
NL,Netherlands,2020-01-01,1.7,-7.7,Non-food,3.79888268156
NL,Netherlands,2020-02-01,1.3,-5.3,Total,3.18809776833
NL,Netherlands,2020-02-01,1.3,-5.3,Food,1.58394931362
NL,Netherlands,2020-02-01,1.3,-5.3,Non-food,5.16483516484
NL,Netherlands,2020-03-01,1.1,-8.5,Total,-0.31779661017
NL,Netherlands,2020-03-01,1.1,-8.5,Food,9.09090909091
NL,Netherlands,2020-03-01,1.1,-8.5,Non-food,-3.84193194292
NL,Netherlands,2020-04-01,1.0,-24.8,Total,-5.67226890756
NL,Netherlands,2020-04-01,1.0,-24.8,Food,2.0964360587
NL,Netherlands,2020-04-01,1.0,-24.8,Non-food,-6.92640692641
NL,Netherlands,2020-05-01,1.1,-20.3,Total,3.78947368421
NL,Netherlands,2020-05-01,1.1,-20.3,Food,6.84931506849
NL,Netherlands,2020-05-01,1.1,-20.3,Non-food,5.17799352751
NL,Netherlands,2020-06-01,1.7,-14.8,Total,5.57894736842
NL,Netherlands,2020-06-01,1.7,-14.8,Food,2.82426778243
NL,Netherlands,2020-06-01,1.7,-14.8,Non-food,9.63203463203
NL,Netherlands,2020-07-01,1.6,-13.2,Total,5.58482613277
NL,Netherlands,2020-07-01,1.6,-13.2,Food,2.59336099585
NL,Netherlands,2020-07-01,1.6,-13.2,Non-food,9.50819672131
NL,Netherlands,2020-08-01,0.3,-13.6,Total,7.74946921444
NL,Netherlands,2020-08-01,0.3,-13.6,Food,5.77731092437
NL,Netherlands,2020-08-01,0.3,-13.6,Non-food,10.8552631579
NL,Netherlands,2020-09-01,1.0,-12.9,Total,4.41176470588
NL,Netherlands,2020-09-01,1.0,-12.9,Food,3.36134453782
NL,Netherlands,2020-09-01,1.0,-12.9,Non-food,7.21205597417
NL,Netherlands,2020-10-01,1.1,-15.9,Total,3.35781741868
NL,Netherlands,2020-10-01,1.1,-15.9,Food,4.07949790795
NL,Netherlands,2020-10-01,1.1,-15.9,Non-food,5.81270182992
NL,Netherlands,2020-11-01,0.7,-11.0,Total,6.70157068063
NL,Netherlands,2020-11-01,0.7,-11.0,Food,5.04201680672
NL,Netherlands,2020-11-01,0.7,-11.0,Non-food,10.5882352941
NL,Netherlands,2020-12-01,0.9,-6.7,Total,-5.1867219917
NL,Netherlands,2020-12-01,0.9,-6.7,Food,8.28157349896
NL,Netherlands,2020-12-01,0.9,-6.7,Non-food,-12.2210414453
NL,Netherlands,2021-01-01,1.6,-5.5,Total,-9.01467505241
NL,Netherlands,2021-01-01,1.6,-5.5,Food,7.36067297581
NL,Netherlands,2021-01-01,1.6,-5.5,Non-food,-17.6533907427
NL,Netherlands,2021-02-01,1.9,-6.8,Total,-5.87023686921
NL,Netherlands,2021-02-01,1.9,-6.8,Food,8.10810810811
NL,Netherlands,2021-02-01,1.9,-6.8,Non-food,-12.6436781609
NL,Netherlands,2021-03-01,1.9,-3.1,Total,4.14452709883
NL,Netherlands,2021-03-01,1.9,-3.1,Food,-1.62835249042
NL,Netherlands,2021-03-01,1.9,-3.1,Non-food,9.01826484018
NL,Netherlands,2021-04-01,1.7,-0.5,Total,10.8017817372
NL,Netherlands,2021-04-01,1.7,-0.5,Food,5.03080082136
NL,Netherlands,2021-04-01,1.7,-0.5,Non-food,13.9534883721
NL,Netherlands,2021-05-01,2.0,1.6,Total,6.99797160243
NL,Netherlands,2021-05-01,2.0,1.6,Food,-0.788954635108
NL,Netherlands,2021-05-01,2.0,1.6,Non-food,11.7948717949
NL,Netherlands,2021-06-01,1.7,7.1,Total,4.68594217348
NL,Netherlands,2021-06-01,1.7,7.1,Food,1.11902339776
NL,Netherlands,2021-06-01,1.7,7.1,Non-food,7.40375123396
NL,Netherlands,2021-07-01,1.4,0.3,Total,3.19361277445
NL,Netherlands,2021-07-01,1.4,0.3,Food,-0.606673407482
NL,Netherlands,2021-07-01,1.4,0.3,Non-food,5.9880239521
NL,Netherlands,2021-08-01,2.7,-1.4,Total,2.16748768473
NL,Netherlands,2021-08-01,2.7,-1.4,Food,-3.17775571003
NL,Netherlands,2021-08-01,2.7,-1.4,Non-food,6.23145400593
NL,Netherlands,2021-09-01,3.0,-0.3,Total,4.22535211268
NL,Netherlands,2021-09-01,3.0,-0.3,Food,-0.30487804878
NL,Netherlands,2021-09-01,3.0,-0.3,Non-food,7.22891566265
NL,Netherlands,2021-10-01,3.7,-7.5,Total,5.17766497462
NL,Netherlands,2021-10-01,3.7,-7.5,Food,-2.11055276382
NL,Netherlands,2021-10-01,3.7,-7.5,Non-food,9.35910478128
NL,Netherlands,2021-11-01,5.9,-14.3,Total,0.785083415113
NL,Netherlands,2021-11-01,5.9,-14.3,Food,-1.5
NL,Netherlands,2021-11-01,5.9,-14.3,Non-food,2.32108317215
NL,Netherlands,2021-12-01,6.4,-12.5,Total,5.79868708972
NL,Netherlands,2021-12-01,6.4,-12.5,Food,-5.35372848948
NL,Netherlands,2021-12-01,6.4,-12.5,Non-food,14.7699757869
NL,Netherlands,2022-01-01,7.6,-10.9,Total,12.7880184332
NL,Netherlands,2022-01-01,7.6,-10.9,Food,-3.03623898139
NL,Netherlands,2022-01-01,7.6,-10.9,Non-food,27.0588235294
NL,Netherlands,2022-02-01,7.3,-14.8,Total,11.2691466083
NL,Netherlands,2022-02-01,7.3,-14.8,Food,-6.73076923077
NL,Netherlands,2022-02-01,7.3,-14.8,Non-food,25.1196172249
NL,Netherlands,2022-03-01,11.7,-23.5,Total,4.08163265306
NL,Netherlands,2022-03-01,11.7,-23.5,Food,-6.13437195716
NL,Netherlands,2022-03-01,11.7,-23.5,Non-food,10.890052356
NL,Netherlands,2022-04-01,11.2,-26.5,Total,3.31658291457
NL,Netherlands,2022-04-01,11.2,-26.5,Food,-5.96285434995
NL,Netherlands,2022-04-01,11.2,-26.5,Non-food,8.26530612245
NL,Netherlands,2022-05-01,10.2,-22.1,Total,-3.31753554502
NL,Netherlands,2022-05-01,10.2,-22.1,Food,-5.46719681909
NL,Netherlands,2022-05-01,10.2,-22.1,Non-food,-2.93577981651
NL,Netherlands,2022-06-01,9.9,-27.5,Total,-4.66666666667
NL,Netherlands,2022-06-01,9.9,-27.5,Food,-4.72837022133
NL,Netherlands,2022-06-01,9.9,-27.5,Non-food,-4.77941176471
NL,Netherlands,2022-07-01,11.6,-26.2,Total,-1.35396518375
NL,Netherlands,2022-07-01,11.6,-26.2,Food,-3.0518819939
NL,Netherlands,2022-07-01,11.6,-26.2,Non-food,-0.470809792844
NL,Netherlands,2022-08-01,13.7,-28.4,Total,-3.37512054002
NL,Netherlands,2022-08-01,13.7,-28.4,Food,-3.17948717949
NL,Netherlands,2022-08-01,13.7,-28.4,Non-food,-3.81750465549
NL,Netherlands,2022-09-01,17.1,-35.9,Total,-1.9305019305
NL,Netherlands,2022-09-01,17.1,-35.9,Food,-3.87359836901
NL,Netherlands,2022-09-01,17.1,-35.9,Non-food,-1.77902621723
NL,Netherlands,2022-10-01,16.8,-33.5,Total,-3.37837837838
NL,Netherlands,2022-10-01,16.8,-33.5,Food,-3.79876796715
NL,Netherlands,2022-10-01,16.8,-33.5,Non-food,-4.55813953488
NL,Netherlands,2022-11-01,11.3,-30.5,Total,-1.4605647517
NL,Netherlands,2022-11-01,11.3,-30.5,Food,-5.07614213198
NL,Netherlands,2022-11-01,11.3,-30.5,Non-food,-1.13421550095
NL,Netherlands,2022-12-01,11.0,-25.5,Total,2.27507755946
NL,Netherlands,2022-12-01,11.0,-25.5,Food,-8.28282828283
NL,Netherlands,2022-12-01,11.0,-25.5,Non-food,7.17299578059
NL,Netherlands,2023-01-01,8.4,-23.4,Total,2.3493360572
NL,Netherlands,2023-01-01,8.4,-23.4,Food,-6.46464646465
NL,Netherlands,2023-01-01,8.4,-23.4,Non-food,6.27572016461
NL,Netherlands,2023-02-01,8.9,-18.4,Total,-2.26155358899
NL,Netherlands,2023-02-01,8.9,-18.4,Food,-4.43298969072
NL,Netherlands,2023-02-01,8.9,-18.4,Non-food,-2.67686424474
NL,Netherlands,2023-03-01,4.5,-17.6,Total,-4.01960784314
NL,Netherlands,2023-03-01,4.5,-17.6,Food,-4.77178423237
NL,Netherlands,2023-03-01,4.5,-17.6,Non-food,-5.57129367328
NL,Netherlands,2023-04-01,5.8,-16.7,Total,-4.08560311284
NL,Netherlands,2023-04-01,5.8,-16.7,Food,-3.9501039501
NL,Netherlands,2023-04-01,5.8,-16.7,Non-food,-4.8067860509
NL,Netherlands,2023-05-01,6.8,-19.1,Total,-3.72549019608
NL,Netherlands,2023-05-01,6.8,-19.1,Food,-3.04942166141
NL,Netherlands,2023-05-01,6.8,-19.1,Non-food,-5.38752362949
NL,Netherlands,2023-06-01,6.4,-18.5,Total,0.1998001998
NL,Netherlands,2023-06-01,6.4,-18.5,Food,-1.79514255544
NL,Netherlands,2023-06-01,6.4,-18.5,Non-food,-0.772200772201
NL,Netherlands,2023-07-01,5.3,-18.4,Total,-3.72549019608
NL,Netherlands,2023-07-01,5.3,-18.4,Food,-3.56768100735
NL,Netherlands,2023-07-01,5.3,-18.4,Non-food,-2.93282876064
NL,Netherlands,2023-08-01,3.4,-16.4,Total,-1.39720558882
NL,Netherlands,2023-08-01,3.4,-16.4,Food,-2.54237288136
NL,Netherlands,2023-08-01,3.4,-16.4,Non-food,-0.484027105518
NL,Netherlands,2023-09-01,-0.3,-17.8,Total,-2.06692913386
NL,Netherlands,2023-09-01,-0.3,-17.8,Food,-1.80275715801
NL,Netherlands,2023-09-01,-0.3,-17.8,Non-food,-1.14394661582
NL,Netherlands,2023-10-01,-1.0,-18.8,Total,-0.499500499501
NL,Netherlands,2023-10-01,-1.0,-18.8,Food,-0.747065101387
NL,Netherlands,2023-10-01,-1.0,-18.8,Non-food,0.877192982456
NL,Netherlands,2023-11-01,1.4,-15.5,Total,-0.790513833992
NL,Netherlands,2023-11-01,1.4,-15.5,Food,-1.06951871658
NL,Netherlands,2023-11-01,1.4,-15.5,Non-food,-0.0956022944551
NL,Netherlands,2023-12-01,1.0,-12.0,Total,1.0111223458
NL,Netherlands,2023-12-01,1.0,-12.0,Food,0.550660792952
NL,Netherlands,2023-12-01,1.0,-12.0,Non-food,2.16535433071
NL,Netherlands,2024-01-01,3.1,-12.9,Total,0.299401197605
NL,Netherlands,2024-01-01,3.1,-12.9,Food,-2.15982721382
NL,Netherlands,2024-01-01,3.1,-12.9,Non-food,2.12971926428
NL,Netherlands,2024-02-01,2.7,-11.8,Total,2.3138832998
NL,Netherlands,2024-02-01,2.7,-11.8,Food,-1.40237324703
NL,Netherlands,2024-02-01,2.7,-11.8,Non-food,5.40275049116
NL,Netherlands,2024-03-01,3.1,-10.2,Total,2.75791624106
NL,Netherlands,2024-03-01,3.1,-10.2,Food,-1.41612200436
NL,Netherlands,2024-03-01,3.1,-10.2,Non-food,6.2
NL,Netherlands,2024-04-01,2.6,-11.3,Total,1.41987829615
NL,Netherlands,2024-04-01,2.6,-11.3,Food,-2.5974025974
NL,Netherlands,2024-04-01,2.6,-11.3,Non-food,4.65346534653
NL,Netherlands,2024-05-01,2.7,-10.8,Total,2.34215885947
NL,Netherlands,2024-05-01,2.7,-10.8,Food,-2.38611713666
NL,Netherlands,2024-05-01,2.7,-10.8,Non-food,6.49350649351
NL,Netherlands,2024-06-01,3.4,-11.5,Total,-1.1964107677
NL,Netherlands,2024-06-01,3.4,-11.5,Food,-4.40860215054
NL,Netherlands,2024-06-01,3.4,-11.5,Non-food,2.62645914397
NL,Netherlands,2024-07-01,3.5,-10.7,Total,1.52749490835
NL,Netherlands,2024-07-01,3.5,-10.7,Food,-3.59085963003
NL,Netherlands,2024-07-01,3.5,-10.7,Non-food,3.99610136452
NL,Netherlands,2024-08-01,3.3,-10.0,Total,1.82186234818
NL,Netherlands,2024-08-01,3.3,-10.0,Food,-4.13043478261
NL,Netherlands,2024-08-01,3.3,-10.0,Non-food,4.96108949416
NL,Netherlands,2024-09-01,3.3,-7.7,Total,1.00502512563
NL,Netherlands,2024-09-01,3.3,-7.7,Food,-4.75161987041
NL,Netherlands,2024-09-01,3.3,-7.7,Non-food,4.05014464802
NL,Netherlands,2024-10-01,3.3,-12.4,Total,0.602409638554
NL,Netherlands,2024-10-01,3.3,-12.4,Food,-5.05376344086
NL,Netherlands,2024-10-01,3.3,-12.4,Non-food,3.961352657
NL,Netherlands,2024-11-01,3.8,-14.2,Total,-0.298804780877
NL,Netherlands,2024-11-01,3.8,-14.2,Food,-5.51351351351
NL,Netherlands,2024-11-01,3.8,-14.2,Non-food,2.96650717703
NL,Netherlands,2024-12-01,3.9,-13.2,Total,0.600600600601
NL,Netherlands,2024-12-01,3.9,-13.2,Food,-6.02409638554
NL,Netherlands,2024-12-01,3.9,-13.2,Non-food,4.62427745665
NL,Netherlands,2025-01-01,3.0,-14.0,Total,1.49253731343
NL,Netherlands,2025-01-01,3.0,-14.0,Food,-0.220750551876
NL,Netherlands,2025-01-01,3.0,-14.0,Non-food,3.22274881517
NL,Netherlands,2025-02-01,3.5,-16.8,Total,-0.589970501475
NL,Netherlands,2025-02-01,3.5,-16.8,Food,-3.5010940919
NL,Netherlands,2025-02-01,3.5,-16.8,Non-food,1.58434296365
NL,Netherlands,2025-03-01,3.4,-17.4,Total,0.795228628231
NL,Netherlands,2025-03-01,3.4,-17.4,Food,-2.20994475138
NL,Netherlands,2025-03-01,3.4,-17.4,Non-food,3.20150659134
NL,Netherlands,2025-04-01,4.1,-19.1,Total,0.9
NL,Netherlands,2025-04-01,4.1,-19.1,Food,-2.33333333333
NL,Netherlands,2025-04-01,4.1,-19.1,Non-food,3.31125827815
NL,Netherlands,2025-05-01,2.9,-17.0,Total,0.298507462687
NL,Netherlands,2025-05-01,2.9,-17.0,Food,-2.66666666667
NL,Netherlands,2025-05-01,2.9,-17.0,Non-food,2.34521575985
NL,Netherlands,2025-06-01,2.7,-15.6,Total,2.21997981837
NL,Netherlands,2025-06-01,2.7,-15.6,Food,-0.674915635546
NL,Netherlands,2025-06-01,2.7,-15.6,Non-food,3.98104265403
NL,Netherlands,2025-07-01,2.6,-13.8,Total,2.00601805416
NL,Netherlands,2025-07-01,2.6,-13.8,Food,-0.79006772009
NL,Netherlands,2025-07-01,2.6,-13.8,Non-food,3.93626991565
NL,Netherlands,2025-08-01,2.4,-14.0,Total,1.09343936382
NL,Netherlands,2025-08-01,2.4,-14.0,Food,0.226757369615
NL,Netherlands,2025-08-01,2.4,-14.0,Non-food,2.40963855422
NL,Netherlands,2025-09-01,3.0,-13.9,Total,0.995024875622
NL,Netherlands,2025-09-01,3.0,-13.9,Food,0.226757369615
NL,Netherlands,2025-09-01,3.0,-13.9,Non-food,2.13160333642
NL,Netherlands,2025-10-01,3.0,-12.9,Total,1.39720558882
NL,Netherlands,2025-10-01,3.0,-12.9,Food,-0.453001132503
NL,Netherlands,2025-10-01,3.0,-12.9,Non-food,2.97397769517
NL,Netherlands,2025-11-01,2.6,-9.3,Total,2.0979020979
NL,Netherlands,2025-11-01,2.6,-9.3,Food,1.2585812357
NL,Netherlands,2025-11-01,2.6,-9.3,Non-food,3.53159851301
NL,Netherlands,2025-12-01,2.7,-10.4,Total,0.89552238806
NL,Netherlands,2025-12-01,2.7,-10.4,Food,2.5641025641
NL,Netherlands,2025-12-01,2.7,-10.4,Non-food,1.47329650092
